Stage,Division,Group/Bracket,Round,Match format,Team A,Team B,Winning team,Game 1 - Score team A,Game 1 - Score team B,Game 2 - Score team A,Game 2 - Score team B,Game 3 - Score team A,Game 3 - Score team B,Team A - Player 1,Team A - Player 2,Team A - Player 3,Team B - Player 1,Team B - Player 2,Team B - Player 3
Pool Play,Open Pro,Pool A,1,Single game,Rogue,Boat Carriers,Rogue,21,11,,,,,Ryan Marino,Thomas Hamilton,,Matthew Burrows,Brayden Latham,
Pool Play,Open Pro,Pool A,1,Single game,Cigar Boys,Critical Hit,Critical Hit,18,21,,,,,Grant Laughlin,Dan Abrams,,Justin Barr,Vincent Mathieu,
Pool Play,Open Pro,Pool B,1,Single game,Judgment Day,MIDDS,Judgment Day,21,16,,,,,fredric hinkle,Gabriel Finocchi,,Dawson Morgan,Caleb Cummings,
Pool Play,Open Pro,Pool B,1,Single game,TRP Mermaid Sparkle,Pantalons de pyj,TRP Mermaid Sparkle,21,19,,,,,Noah Luskus,Christian Bennett,,√âlie Pilon,Lou Paradis,
Pool Play,Open Pro,Pool C,1,Single game,TRP Spotless,Tube Steaks,TRP Spotless,21,18,,,,,Ryan Gross,Joe Bondi,,Skyler Sebring,Emerson Dean,
Pool Play,Open Pro,Pool C,1,Single game,TRP Mammoth,Bot House,Bot House,14,21,,,,,Ali Jenki,Clark Marshall,,West Peterson,Owen Lippman,
Pool Play,Open Pro,Pool D,1,Single game,Bad Combo,Hilltop,Hilltop,19,21,,,,,Rahul Murthy,Will Picone,,Cole Model,Max Model,
Pool Play,Open Pro,Pool D,1,Single game,Kingdom Come,Profit Boost,Kingdom Come,21,18,,,,,Grant Klapwijk,Matthew Cole,,Justin Shaytar,Kieran Rose,
Pool Play,Open Pro,Pool E,1,Single game,Lazy,Nelson Mattdela,Lazy,21,13,,,,,Cade Larson,Luke Marshall,,Michael Nelson,Matthew Morelli,
Pool Play,Open Pro,Pool E,1,Single game,Death by a Thousand Cuts,Come and Go,Death by a Thousand Cuts,21,17,,,,,Charles Tipton,Jake Goodnow,,Jake Mottershead,Mike Garrett,
Pool Play,Open Pro,Pool F,1,Single game,What‚Äôs cooking good looking,Quick Draw,What‚Äôs cooking good looking,24,22,,,,,Ryan Baillargeon,Josh Fragiacomo,,Pat Marinich,Caleb White,
Pool Play,Open Pro,Pool F,1,Single game,Ricky & Charles,Wills/Wilson,Wills/Wilson,18,21,,,,,Charles Mordacq,Ricky Santiago,,Nate Wilson,Grayson M  Wills,
Pool Play,Open Pro,Pool G,1,Single game,Autonomous,Do2,Autonomous,21,13,,,,,Tyler Fernandez,Chase Meyer,,Spencer Argenna,David Rowlands,
Pool Play,Open Pro,Pool G,1,Single game,Meatballs,Griddy Guys,Meatballs,21,14,,,,,Joey Maichen,Lucas Pruett,,Tim Lacagnina,Rob's Traveler,
Pool Play,Open Pro,Pool H,1,Single game,Jersey Boyz,HIGH,Jersey Boyz,22,20,,,,,Corey Weiss,Matt Spolarich,,Dalton Gilder,Brandon Stokes,
Pool Play,Open Pro,Pool H,1,Single game,Might Not Show,Meateerballs,Meateerballs,18,21,,,,,Josh Hutko,Austin Ha,,Connor Nelson,Javier Vidal,
Pool Play,Open Pro,Pool I,1,Single game,Shorter & Taller,CRO Reverse Funnel,Shorter & Taller,21,9,,,,,Andrew Sullivan,Caleb Shorter,,Nicholas Puopolo,Nathan Goh,
Pool Play,Open Pro,Pool I,1,Single game,Limitless Faith,The 64th Team,Limitless Faith,21,16,,,,,Ethan Domster,Andrew Raber,,Sam Bunze,Luke Repass,
Pool Play,Open Pro,Pool J,1,Single game,Evasive Maneuvers,Butter Me Up,Evasive Maneuvers,21,12,,,,,Jenson Miller,Michael Barkman,,James Ledbetter,kevin cadle,
Pool Play,Open Pro,Pool J,1,Single game,Handsome Man Fans,Rimi Olimpiskais,Rimi Olimpiskais,19,21,,,,,Liam Sherron,Calvin Smith,,Archie Powell,Dan Bonowski,
Pool Play,Open Pro,Pool K,1,Single game,CRO Fall Damage,Nittany Nation,CRO Fall Damage,22,20,,,,,Chris Brown,Tyler Babin,,Tyler Keener,Henry Pleszkoch,
Pool Play,Open Pro,Pool K,1,Single game,PBR Sleepy in Seattle,True,True,10,21,,,,,Brian Perlson,Michael Capobianco,,Artie Singer,Jack coolbaugh,
Pool Play,Open Pro,Pool L,1,Single game,Project Roundnet,Water Boiz,Project Roundnet,21,11,,,,,Samuel Corey,Josh Esposo,,Rafi Moldovsky,Joel Morrell,
Pool Play,Open Pro,Pool L,1,Single game,Duncan and Aidan,ya tu sabe,Duncan and Aidan,21,14,,,,,Dennis Joseph,Jared Bingham,,Thomas Hoffman,David Gonzales,
Pool Play,Open Pro,Pool M,1,Single game,The Prince,Jelly,The Prince,21,17,,,,,Maxime Prince,Samuel Prince,,Joel Lapp,Micah Zimmerman,
Pool Play,Open Pro,Pool M,1,Single game,Fa(s)t üßå,CRO Weather Nerfed,Fa(s)t üßå,21,14,,,,,Joey Reynolds,Clifford Amadeo LeVeque,,Leonardo Tullo,Adrian Garcea,
Pool Play,Open Pro,Pool N,1,Single game,DYN,Yucky Duckies,DYN,21,15,,,,,Demitri Forand,Henry Pilliod,,alex stan,A.j. Martin,
Pool Play,Open Pro,Pool N,1,Single game,Bev‚Äôd Up,Buchanan/Dantowitz,Buchanan/Dantowitz,19,21,,,,,Sean Brown,Nate KT,,John Buchanan,Ezra Dantowitz,
Pool Play,Open Pro,Pool O,1,Single game,Eternal Atake,GNALR,Eternal Atake,21,11,,,,,Reid Lampert,Kurt Lannetti,,Sam Mccune,Alex Newton,
Pool Play,Open Pro,Pool O,1,Single game,Global Citizens,Carter/Ulrich,Global Citizens,21,17,,,,,Maxwell Gunneson,Connor Prelich,,Brody Ulrich,Mitchell Carter,
Pool Play,Open Pro,Pool P,1,Single game,Sunday Special,Asioneer,Asioneer,20,22,,,,,Owen Bass,Peter Lu,,CHOU PO-JUI,Jerry Lee,
Pool Play,Open Pro,Pool P,1,Single game,Hot n Ready,LL Unfinished Business,Hot n Ready,21,15,,,,,Nick Evanko,Rendall Weaver,,Josh DiDonato,Ryan Paul,
Pool Play,Open Pro,Pool A,2,Single game,Rogue,Critical Hit,Rogue,21,19,,,,,Ryan Marino,Thomas Hamilton,,Justin Barr,Vincent Mathieu,
Pool Play,Open Pro,Pool A,2,Single game,Cigar Boys,Boat Carriers,Boat Carriers,20,22,,,,,Grant Laughlin,Dan Abrams,,Matthew Burrows,Brayden Latham,
Pool Play,Open Pro,Pool B,2,Single game,Judgment Day,Pantalons de pyj,Judgment Day,21,14,,,,,fredric hinkle,Gabriel Finocchi,,√âlie Pilon,Lou Paradis,
Pool Play,Open Pro,Pool B,2,Single game,TRP Mermaid Sparkle,MIDDS,MIDDS,11,21,,,,,Noah Luskus,Christian Bennett,,Dawson Morgan,Caleb Cummings,
Pool Play,Open Pro,Pool C,2,Single game,TRP Spotless,Bot House,Bot House,13,21,,,,,Ryan Gross,Joe Bondi,,West Peterson,Owen Lippman,
Pool Play,Open Pro,Pool C,2,Single game,TRP Mammoth,Tube Steaks,TRP Mammoth,22,20,,,,,Ali Jenki,Clark Marshall,,Skyler Sebring,Emerson Dean,
Pool Play,Open Pro,Pool D,2,Single game,Bad Combo,Profit Boost,Bad Combo,21,17,,,,,Rahul Murthy,Will Picone,,Justin Shaytar,Kieran Rose,
Pool Play,Open Pro,Pool D,2,Single game,Kingdom Come,Hilltop,Hilltop,17,21,,,,,Grant Klapwijk,Matthew Cole,,Cole Model,Max Model,
Pool Play,Open Pro,Pool E,2,Single game,Lazy,Come and Go,Come and Go,19,21,,,,,Cade Larson,Luke Marshall,,Jake Mottershead,Mike Garrett,
Pool Play,Open Pro,Pool E,2,Single game,Death by a Thousand Cuts,Nelson Mattdela,Nelson Mattdela,18,21,,,,,Charles Tipton,Jake Goodnow,,Michael Nelson,Matthew Morelli,
Pool Play,Open Pro,Pool F,2,Single game,What‚Äôs cooking good looking,Wills/Wilson,What‚Äôs cooking good looking,21,16,,,,,Ryan Baillargeon,Josh Fragiacomo,,Nate Wilson,Grayson M  Wills,
Pool Play,Open Pro,Pool F,2,Single game,Ricky & Charles,Quick Draw,Quick Draw,17,21,,,,,Charles Mordacq,Ricky Santiago,,Pat Marinich,Caleb White,
Pool Play,Open Pro,Pool G,2,Single game,Autonomous,Griddy Guys,Autonomous,21,19,,,,,Tyler Fernandez,Chase Meyer,,Tim Lacagnina,Rob's Traveler,
Pool Play,Open Pro,Pool G,2,Single game,Meatballs,Do2,Meatballs,21,18,,,,,Joey Maichen,Lucas Pruett,,Spencer Argenna,David Rowlands,
Pool Play,Open Pro,Pool H,2,Single game,Jersey Boyz,Meateerballs,Meateerballs,16,21,,,,,Corey Weiss,Matt Spolarich,,Connor Nelson,Javier Vidal,
Pool Play,Open Pro,Pool H,2,Single game,Might Not Show,HIGH,HIGH,13,21,,,,,Josh Hutko,Austin Ha,,Dalton Gilder,Brandon Stokes,
Pool Play,Open Pro,Pool I,2,Single game,Shorter & Taller,The 64th Team,Shorter & Taller,21,14,,,,,Andrew Sullivan,Caleb Shorter,,Sam Bunze,Luke Repass,
Pool Play,Open Pro,Pool I,2,Single game,Limitless Faith,CRO Reverse Funnel,CRO Reverse Funnel,19,21,,,,,Ethan Domster,Andrew Raber,,Nicholas Puopolo,Nathan Goh,
Pool Play,Open Pro,Pool J,2,Single game,Evasive Maneuvers,Rimi Olimpiskais,Evasive Maneuvers,21,19,,,,,Jenson Miller,Michael Barkman,,Archie Powell,Dan Bonowski,
Pool Play,Open Pro,Pool J,2,Single game,Handsome Man Fans,Butter Me Up,Handsome Man Fans,21,11,,,,,Liam Sherron,Calvin Smith,,James Ledbetter,kevin cadle,
Pool Play,Open Pro,Pool K,2,Single game,CRO Fall Damage,True,CRO Fall Damage,21,7,,,,,Chris Brown,Tyler Babin,,Artie Singer,Jack coolbaugh,
Pool Play,Open Pro,Pool K,2,Single game,PBR Sleepy in Seattle,Nittany Nation,PBR Sleepy in Seattle,21,18,,,,,Brian Perlson,Michael Capobianco,,Tyler Keener,Henry Pleszkoch,
Pool Play,Open Pro,Pool L,2,Single game,Project Roundnet,ya tu sabe,Project Roundnet,21,16,,,,,Samuel Corey,Josh Esposo,,Thomas Hoffman,David Gonzales,
Pool Play,Open Pro,Pool L,2,Single game,Duncan and Aidan,Water Boiz,Duncan and Aidan,21,9,,,,,Dennis Joseph,Jared Bingham,,Rafi Moldovsky,Joel Morrell,
Pool Play,Open Pro,Pool M,2,Single game,The Prince,CRO Weather Nerfed,The Prince,21,11,,,,,Maxime Prince,Samuel Prince,,Leonardo Tullo,Adrian Garcea,
Pool Play,Open Pro,Pool M,2,Single game,Fa(s)t üßå,Jelly,Jelly,15,21,,,,,Joey Reynolds,Clifford Amadeo LeVeque,,Joel Lapp,Micah Zimmerman,
Pool Play,Open Pro,Pool N,2,Single game,DYN,Buchanan/Dantowitz,DYN,21,17,,,,,Demitri Forand,Henry Pilliod,,John Buchanan,Ezra Dantowitz,
Pool Play,Open Pro,Pool N,2,Single game,Bev‚Äôd Up,Yucky Duckies,Bev‚Äôd Up,21,17,,,,,Sean Brown,Nate KT,,alex stan,A.j. Martin,
Pool Play,Open Pro,Pool O,2,Single game,Eternal Atake,Carter/Ulrich,Eternal Atake,21,11,,,,,Reid Lampert,Kurt Lannetti,,Brody Ulrich,Mitchell Carter,
Pool Play,Open Pro,Pool O,2,Single game,Global Citizens,GNALR,Global Citizens,21,18,,,,,Maxwell Gunneson,Connor Prelich,,Sam Mccune,Alex Newton,
Pool Play,Open Pro,Pool P,2,Single game,Sunday Special,LL Unfinished Business,Sunday Special,21,19,,,,,Owen Bass,Peter Lu,,Josh DiDonato,Ryan Paul,
Pool Play,Open Pro,Pool P,2,Single game,Hot n Ready,Asioneer,Hot n Ready,21,15,,,,,Nick Evanko,Rendall Weaver,,CHOU PO-JUI,Jerry Lee,
Pool Play,Open Pro,Pool A,3,Single game,Rogue,Cigar Boys,Rogue,21,17,,,,,Ryan Marino,Thomas Hamilton,,Grant Laughlin,Dan Abrams,
Pool Play,Open Pro,Pool A,3,Single game,Critical Hit,Boat Carriers,Critical Hit,21,13,,,,,Justin Barr,Vincent Mathieu,,Matthew Burrows,Brayden Latham,
Pool Play,Open Pro,Pool B,3,Single game,Judgment Day,TRP Mermaid Sparkle,Judgment Day,21,16,,,,,fredric hinkle,Gabriel Finocchi,,Noah Luskus,Christian Bennett,
Pool Play,Open Pro,Pool B,3,Single game,Pantalons de pyj,MIDDS,MIDDS,13,21,,,,,√âlie Pilon,Lou Paradis,,Dawson Morgan,Caleb Cummings,
Pool Play,Open Pro,Pool C,3,Single game,TRP Spotless,TRP Mammoth,TRP Spotless,21,15,,,,,Ryan Gross,Joe Bondi,,Ali Jenki,Clark Marshall,
Pool Play,Open Pro,Pool C,3,Single game,Bot House,Tube Steaks,Bot House,21,17,,,,,West Peterson,Owen Lippman,,Skyler Sebring,Emerson Dean,
Pool Play,Open Pro,Pool D,3,Single game,Bad Combo,Kingdom Come,Bad Combo,21,16,,,,,Rahul Murthy,Will Picone,,Grant Klapwijk,Matthew Cole,
Pool Play,Open Pro,Pool D,3,Single game,Profit Boost,Hilltop,Profit Boost,21,12,,,,,Justin Shaytar,Kieran Rose,,Cole Model,Max Model,
Pool Play,Open Pro,Pool E,3,Single game,Lazy,Death by a Thousand Cuts,Lazy,21,19,,,,,Cade Larson,Luke Marshall,,Charles Tipton,Jake Goodnow,
Pool Play,Open Pro,Pool E,3,Single game,Come and Go,Nelson Mattdela,Come and Go,21,16,,,,,Jake Mottershead,Mike Garrett,,Michael Nelson,Matthew Morelli,
Pool Play,Open Pro,Pool F,3,Single game,What‚Äôs cooking good looking,Ricky & Charles,What‚Äôs cooking good looking,21,16,,,,,Ryan Baillargeon,Josh Fragiacomo,,Charles Mordacq,Ricky Santiago,
Pool Play,Open Pro,Pool F,3,Single game,Wills/Wilson,Quick Draw,Wills/Wilson,25,24,,,,,Nate Wilson,Grayson M  Wills,,Pat Marinich,Caleb White,
Pool Play,Open Pro,Pool G,3,Single game,Autonomous,Meatballs,Meatballs,17,21,,,,,Tyler Fernandez,Chase Meyer,,Joey Maichen,Lucas Pruett,
Pool Play,Open Pro,Pool G,3,Single game,Griddy Guys,Do2,Griddy Guys,21,17,,,,,Tim Lacagnina,Rob's Traveler,,Spencer Argenna,David Rowlands,
Pool Play,Open Pro,Pool H,3,Single game,Jersey Boyz,Might Not Show,Jersey Boyz,21,12,,,,,Corey Weiss,Matt Spolarich,,Josh Hutko,Austin Ha,
Pool Play,Open Pro,Pool H,3,Single game,Meateerballs,HIGH,Meateerballs,22,20,,,,,Connor Nelson,Javier Vidal,,Dalton Gilder,Brandon Stokes,
Pool Play,Open Pro,Pool I,3,Single game,Shorter & Taller,Limitless Faith,Limitless Faith,16,21,,,,,Andrew Sullivan,Caleb Shorter,,Ethan Domster,Andrew Raber,
Pool Play,Open Pro,Pool I,3,Single game,The 64th Team,CRO Reverse Funnel,The 64th Team,21,17,,,,,Sam Bunze,Luke Repass,,Nicholas Puopolo,Nathan Goh,
Pool Play,Open Pro,Pool J,3,Single game,Evasive Maneuvers,Handsome Man Fans,Evasive Maneuvers,21,15,,,,,Jenson Miller,Michael Barkman,,Liam Sherron,Calvin Smith,
Pool Play,Open Pro,Pool J,3,Single game,Rimi Olimpiskais,Butter Me Up,Rimi Olimpiskais,24,22,,,,,Archie Powell,Dan Bonowski,,James Ledbetter,kevin cadle,
Pool Play,Open Pro,Pool K,3,Single game,CRO Fall Damage,PBR Sleepy in Seattle,CRO Fall Damage,21,14,,,,,Chris Brown,Tyler Babin,,Brian Perlson,Michael Capobianco,
Pool Play,Open Pro,Pool K,3,Single game,True,Nittany Nation,True,21,16,,,,,Artie Singer,Jack coolbaugh,,Tyler Keener,Henry Pleszkoch,
Pool Play,Open Pro,Pool L,3,Single game,Project Roundnet,Duncan and Aidan,Duncan and Aidan,15,21,,,,,Samuel Corey,Josh Esposo,,Dennis Joseph,Jared Bingham,
Pool Play,Open Pro,Pool L,3,Single game,ya tu sabe,Water Boiz,Water Boiz,21,23,,,,,Thomas Hoffman,David Gonzales,,Rafi Moldovsky,Joel Morrell,
Pool Play,Open Pro,Pool M,3,Single game,The Prince,Fa(s)t üßå,The Prince,21,18,,,,,Maxime Prince,Samuel Prince,,Joey Reynolds,Clifford Amadeo LeVeque,
Pool Play,Open Pro,Pool M,3,Single game,CRO Weather Nerfed,Jelly,Jelly,18,21,,,,,Leonardo Tullo,Adrian Garcea,,Joel Lapp,Micah Zimmerman,
Pool Play,Open Pro,Pool N,3,Single game,DYN,Bev‚Äôd Up,DYN,21,15,,,,,Demitri Forand,Henry Pilliod,,Sean Brown,Nate KT,
Pool Play,Open Pro,Pool N,3,Single game,Buchanan/Dantowitz,Yucky Duckies,Buchanan/Dantowitz,21,17,,,,,John Buchanan,Ezra Dantowitz,,alex stan,A.j. Martin,
Pool Play,Open Pro,Pool O,3,Single game,Eternal Atake,Global Citizens,Eternal Atake,24,22,,,,,Reid Lampert,Kurt Lannetti,,Maxwell Gunneson,Connor Prelich,
Pool Play,Open Pro,Pool O,3,Single game,Carter/Ulrich,GNALR,GNALR,18,21,,,,,Brody Ulrich,Mitchell Carter,,Sam Mccune,Alex Newton,
Pool Play,Open Pro,Pool P,3,Single game,Sunday Special,Hot n Ready,Sunday Special,21,17,,,,,Owen Bass,Peter Lu,,Nick Evanko,Rendall Weaver,
Pool Play,Open Pro,Pool P,3,Single game,LL Unfinished Business,Asioneer,Asioneer,12,21,,,,,Josh DiDonato,Ryan Paul,,CHOU PO-JUI,Jerry Lee,
Pool Play,Open Pro,Pool A,4,Single game,Rogue,Boat Carriers,Rogue,21,10,,,,,Ryan Marino,Thomas Hamilton,,Matthew Burrows,Brayden Latham,
Pool Play,Open Pro,Pool A,4,Single game,Cigar Boys,Critical Hit,Critical Hit,19,21,,,,,Grant Laughlin,Dan Abrams,,Justin Barr,Vincent Mathieu,
Pool Play,Open Pro,Pool B,4,Single game,Judgment Day,MIDDS,Judgment Day,25,24,,,,,fredric hinkle,Gabriel Finocchi,,Dawson Morgan,Caleb Cummings,
Pool Play,Open Pro,Pool B,4,Single game,TRP Mermaid Sparkle,Pantalons de pyj,TRP Mermaid Sparkle,21,18,,,,,Noah Luskus,Christian Bennett,,√âlie Pilon,Lou Paradis,
Pool Play,Open Pro,Pool C,4,Single game,TRP Spotless,Tube Steaks,TRP Spotless,21,8,,,,,Ryan Gross,Joe Bondi,,Skyler Sebring,Emerson Dean,
Pool Play,Open Pro,Pool C,4,Single game,TRP Mammoth,Bot House,Bot House,21,23,,,,,Ali Jenki,Clark Marshall,,West Peterson,Owen Lippman,
Pool Play,Open Pro,Pool D,4,Single game,Bad Combo,Hilltop,Bad Combo,21,17,,,,,Rahul Murthy,Will Picone,,Cole Model,Max Model,
Pool Play,Open Pro,Pool D,4,Single game,Kingdom Come,Profit Boost,Kingdom Come,21,19,,,,,Grant Klapwijk,Matthew Cole,,Justin Shaytar,Kieran Rose,
Pool Play,Open Pro,Pool E,4,Single game,Lazy,Nelson Mattdela,Lazy,21,18,,,,,Cade Larson,Luke Marshall,,Michael Nelson,Matthew Morelli,
Pool Play,Open Pro,Pool E,4,Single game,Death by a Thousand Cuts,Come and Go,Come and Go,15,21,,,,,Charles Tipton,Jake Goodnow,,Jake Mottershead,Mike Garrett,
Pool Play,Open Pro,Pool F,4,Single game,What‚Äôs cooking good looking,Quick Draw,What‚Äôs cooking good looking,21,15,,,,,Ryan Baillargeon,Josh Fragiacomo,,Pat Marinich,Caleb White,
Pool Play,Open Pro,Pool F,4,Single game,Ricky & Charles,Wills/Wilson,Ricky & Charles,21,18,,,,,Charles Mordacq,Ricky Santiago,,Nate Wilson,Grayson M  Wills,
Pool Play,Open Pro,Pool G,4,Single game,Autonomous,Do2,Autonomous,21,16,,,,,Tyler Fernandez,Chase Meyer,,Spencer Argenna,David Rowlands,
Pool Play,Open Pro,Pool G,4,Single game,Meatballs,Griddy Guys,Griddy Guys,11,21,,,,,Joey Maichen,Lucas Pruett,,Tim Lacagnina,Rob's Traveler,
Pool Play,Open Pro,Pool H,4,Single game,Jersey Boyz,HIGH,Jersey Boyz,21,14,,,,,Corey Weiss,Matt Spolarich,,Dalton Gilder,Brandon Stokes,
Pool Play,Open Pro,Pool H,4,Single game,Might Not Show,Meateerballs,Meateerballs,9,21,,,,,Josh Hutko,Austin Ha,,Connor Nelson,Javier Vidal,
Pool Play,Open Pro,Pool I,4,Single game,Shorter & Taller,CRO Reverse Funnel,Shorter & Taller,21,17,,,,,Andrew Sullivan,Caleb Shorter,,Nicholas Puopolo,Nathan Goh,
Pool Play,Open Pro,Pool I,4,Single game,Limitless Faith,The 64th Team,Limitless Faith,21,16,,,,,Ethan Domster,Andrew Raber,,Sam Bunze,Luke Repass,
Pool Play,Open Pro,Pool J,4,Single game,Evasive Maneuvers,Butter Me Up,Evasive Maneuvers,21,10,,,,,Jenson Miller,Michael Barkman,,James Ledbetter,kevin cadle,
Pool Play,Open Pro,Pool J,4,Single game,Handsome Man Fans,Rimi Olimpiskais,Handsome Man Fans,21,18,,,,,Liam Sherron,Calvin Smith,,Archie Powell,Dan Bonowski,
Pool Play,Open Pro,Pool K,4,Single game,CRO Fall Damage,Nittany Nation,CRO Fall Damage,21,18,,,,,Chris Brown,Tyler Babin,,Tyler Keener,Henry Pleszkoch,
Pool Play,Open Pro,Pool K,4,Single game,PBR Sleepy in Seattle,True,True,20,22,,,,,Brian Perlson,Michael Capobianco,,Artie Singer,Jack coolbaugh,
Pool Play,Open Pro,Pool L,4,Single game,Project Roundnet,Water Boiz,Project Roundnet,21,13,,,,,Samuel Corey,Josh Esposo,,Rafi Moldovsky,Joel Morrell,
Pool Play,Open Pro,Pool L,4,Single game,Duncan and Aidan,ya tu sabe,Duncan and Aidan,24,22,,,,,Dennis Joseph,Jared Bingham,,Thomas Hoffman,David Gonzales,
Pool Play,Open Pro,Pool M,4,Single game,The Prince,Jelly,The Prince,21,16,,,,,Maxime Prince,Samuel Prince,,Joel Lapp,Micah Zimmerman,
Pool Play,Open Pro,Pool M,4,Single game,Fa(s)t üßå,CRO Weather Nerfed,Fa(s)t üßå,21,16,,,,,Joey Reynolds,Clifford Amadeo LeVeque,,Leonardo Tullo,Adrian Garcea,
Pool Play,Open Pro,Pool N,4,Single game,DYN,Yucky Duckies,DYN,21,14,,,,,Demitri Forand,Henry Pilliod,,alex stan,A.j. Martin,
Pool Play,Open Pro,Pool N,4,Single game,Bev‚Äôd Up,Buchanan/Dantowitz,Buchanan/Dantowitz,18,21,,,,,Sean Brown,Nate KT,,John Buchanan,Ezra Dantowitz,
Pool Play,Open Pro,Pool O,4,Single game,Eternal Atake,GNALR,Eternal Atake,21,18,,,,,Reid Lampert,Kurt Lannetti,,Sam Mccune,Alex Newton,
Pool Play,Open Pro,Pool O,4,Single game,Global Citizens,Carter/Ulrich,Carter/Ulrich,23,25,,,,,Maxwell Gunneson,Connor Prelich,,Brody Ulrich,Mitchell Carter,
Pool Play,Open Pro,Pool P,4,Single game,Sunday Special,Asioneer,Sunday Special,21,16,,,,,Owen Bass,Peter Lu,,CHOU PO-JUI,Jerry Lee,
Pool Play,Open Pro,Pool P,4,Single game,Hot n Ready,LL Unfinished Business,Hot n Ready,21,18,,,,,Nick Evanko,Rendall Weaver,,Josh DiDonato,Ryan Paul,
Pool Play,Open Pro,Pool A,5,Single game,Rogue,Critical Hit,Rogue,21,19,,,,,Ryan Marino,Thomas Hamilton,,Justin Barr,Vincent Mathieu,
Pool Play,Open Pro,Pool A,5,Single game,Cigar Boys,Boat Carriers,Boat Carriers,19,21,,,,,Grant Laughlin,Dan Abrams,,Matthew Burrows,Brayden Latham,
Pool Play,Open Pro,Pool B,5,Single game,Judgment Day,Pantalons de pyj,Judgment Day,21,13,,,,,fredric hinkle,Gabriel Finocchi,,√âlie Pilon,Lou Paradis,
Pool Play,Open Pro,Pool B,5,Single game,TRP Mermaid Sparkle,MIDDS,TRP Mermaid Sparkle,21,19,,,,,Noah Luskus,Christian Bennett,,Dawson Morgan,Caleb Cummings,
Pool Play,Open Pro,Pool C,5,Single game,TRP Spotless,Bot House,Bot House,19,21,,,,,Ryan Gross,Joe Bondi,,West Peterson,Owen Lippman,
Pool Play,Open Pro,Pool C,5,Single game,TRP Mammoth,Tube Steaks,Tube Steaks,19,21,,,,,Ali Jenki,Clark Marshall,,Skyler Sebring,Emerson Dean,
Pool Play,Open Pro,Pool D,5,Single game,Bad Combo,Profit Boost,Bad Combo,21,15,,,,,Rahul Murthy,Will Picone,,Justin Shaytar,Kieran Rose,
Pool Play,Open Pro,Pool D,5,Single game,Kingdom Come,Hilltop,Kingdom Come,21,17,,,,,Grant Klapwijk,Matthew Cole,,Cole Model,Max Model,
Pool Play,Open Pro,Pool E,5,Single game,Lazy,Come and Go,Lazy,21,17,,,,,Cade Larson,Luke Marshall,,Jake Mottershead,Mike Garrett,
Pool Play,Open Pro,Pool E,5,Single game,Death by a Thousand Cuts,Nelson Mattdela,Death by a Thousand Cuts,21,14,,,,,Charles Tipton,Jake Goodnow,,Michael Nelson,Matthew Morelli,
Pool Play,Open Pro,Pool F,5,Single game,What‚Äôs cooking good looking,Wills/Wilson,What‚Äôs cooking good looking,21,14,,,,,Ryan Baillargeon,Josh Fragiacomo,,Nate Wilson,Grayson M  Wills,
Pool Play,Open Pro,Pool F,5,Single game,Ricky & Charles,Quick Draw,Quick Draw,22,24,,,,,Charles Mordacq,Ricky Santiago,,Pat Marinich,Caleb White,
Pool Play,Open Pro,Pool G,5,Single game,Autonomous,Griddy Guys,Autonomous,21,12,,,,,Tyler Fernandez,Chase Meyer,,Tim Lacagnina,Rob's Traveler,
Pool Play,Open Pro,Pool G,5,Single game,Meatballs,Do2,Meatballs,21,13,,,,,Joey Maichen,Lucas Pruett,,Spencer Argenna,David Rowlands,
Pool Play,Open Pro,Pool H,5,Single game,Jersey Boyz,Meateerballs,Meateerballs,15,21,,,,,Corey Weiss,Matt Spolarich,,Connor Nelson,Javier Vidal,
Pool Play,Open Pro,Pool H,5,Single game,Might Not Show,HIGH,Might Not Show,21,16,,,,,Josh Hutko,Austin Ha,,Dalton Gilder,Brandon Stokes,
Pool Play,Open Pro,Pool I,5,Single game,Shorter & Taller,The 64th Team,Shorter & Taller,21,11,,,,,Andrew Sullivan,Caleb Shorter,,Sam Bunze,Luke Repass,
Pool Play,Open Pro,Pool I,5,Single game,Limitless Faith,CRO Reverse Funnel,CRO Reverse Funnel,19,21,,,,,Ethan Domster,Andrew Raber,,Nicholas Puopolo,Nathan Goh,
Pool Play,Open Pro,Pool J,5,Single game,Evasive Maneuvers,Rimi Olimpiskais,Evasive Maneuvers,21,15,,,,,Jenson Miller,Michael Barkman,,Archie Powell,Dan Bonowski,
Pool Play,Open Pro,Pool J,5,Single game,Handsome Man Fans,Butter Me Up,Handsome Man Fans,21,12,,,,,Liam Sherron,Calvin Smith,,James Ledbetter,kevin cadle,
Pool Play,Open Pro,Pool K,5,Single game,CRO Fall Damage,True,CRO Fall Damage,21,19,,,,,Chris Brown,Tyler Babin,,Artie Singer,Jack coolbaugh,
Pool Play,Open Pro,Pool K,5,Single game,PBR Sleepy in Seattle,Nittany Nation,Nittany Nation,19,21,,,,,Brian Perlson,Michael Capobianco,,Tyler Keener,Henry Pleszkoch,
Pool Play,Open Pro,Pool L,5,Single game,Project Roundnet,ya tu sabe,Project Roundnet,23,21,,,,,Samuel Corey,Josh Esposo,,Thomas Hoffman,David Gonzales,
Pool Play,Open Pro,Pool L,5,Single game,Duncan and Aidan,Water Boiz,Duncan and Aidan,21,14,,,,,Dennis Joseph,Jared Bingham,,Rafi Moldovsky,Joel Morrell,
Pool Play,Open Pro,Pool M,5,Single game,The Prince,CRO Weather Nerfed,The Prince,21,12,,,,,Maxime Prince,Samuel Prince,,Leonardo Tullo,Adrian Garcea,
Pool Play,Open Pro,Pool M,5,Single game,Fa(s)t üßå,Jelly,Jelly,16,21,,,,,Joey Reynolds,Clifford Amadeo LeVeque,,Joel Lapp,Micah Zimmerman,
Pool Play,Open Pro,Pool N,5,Single game,DYN,Buchanan/Dantowitz,DYN,21,17,,,,,Demitri Forand,Henry Pilliod,,John Buchanan,Ezra Dantowitz,
Pool Play,Open Pro,Pool N,5,Single game,Bev‚Äôd Up,Yucky Duckies,Bev‚Äôd Up,25,23,,,,,Sean Brown,Nate KT,,alex stan,A.j. Martin,
Pool Play,Open Pro,Pool O,5,Single game,Eternal Atake,Carter/Ulrich,Eternal Atake,21,18,,,,,Reid Lampert,Kurt Lannetti,,Brody Ulrich,Mitchell Carter,
Pool Play,Open Pro,Pool O,5,Single game,Global Citizens,GNALR,Global Citizens,21,18,,,,,Maxwell Gunneson,Connor Prelich,,Sam Mccune,Alex Newton,
Pool Play,Open Pro,Pool P,5,Single game,Sunday Special,LL Unfinished Business,Sunday Special,21,12,,,,,Owen Bass,Peter Lu,,Josh DiDonato,Ryan Paul,
Pool Play,Open Pro,Pool P,5,Single game,Hot n Ready,Asioneer,Hot n Ready,21,14,,,,,Nick Evanko,Rendall Weaver,,CHOU PO-JUI,Jerry Lee,
Pool Play,Open Pro,Pool A,6,Single game,Rogue,Cigar Boys,Rogue,21,11,,,,,Ryan Marino,Thomas Hamilton,,Grant Laughlin,Dan Abrams,
Pool Play,Open Pro,Pool A,6,Single game,Critical Hit,Boat Carriers,Critical Hit,24,22,,,,,Justin Barr,Vincent Mathieu,,Matthew Burrows,Brayden Latham,
Pool Play,Open Pro,Pool B,6,Single game,Judgment Day,TRP Mermaid Sparkle,Judgment Day,21,14,,,,,fredric hinkle,Gabriel Finocchi,,Noah Luskus,Christian Bennett,
Pool Play,Open Pro,Pool B,6,Single game,Pantalons de pyj,MIDDS,MIDDS,20,22,,,,,√âlie Pilon,Lou Paradis,,Dawson Morgan,Caleb Cummings,
Pool Play,Open Pro,Pool C,6,Single game,TRP Spotless,TRP Mammoth,TRP Spotless,21,13,,,,,Ryan Gross,Joe Bondi,,Ali Jenki,Clark Marshall,
Pool Play,Open Pro,Pool C,6,Single game,Bot House,Tube Steaks,Bot House,21,16,,,,,West Peterson,Owen Lippman,,Skyler Sebring,Emerson Dean,
Pool Play,Open Pro,Pool D,6,Single game,Bad Combo,Kingdom Come,Bad Combo,21,19,,,,,Rahul Murthy,Will Picone,,Grant Klapwijk,Matthew Cole,
Pool Play,Open Pro,Pool D,6,Single game,Profit Boost,Hilltop,Hilltop,24,25,,,,,Justin Shaytar,Kieran Rose,,Cole Model,Max Model,
Pool Play,Open Pro,Pool E,6,Single game,Lazy,Death by a Thousand Cuts,Lazy,21,16,,,,,Cade Larson,Luke Marshall,,Charles Tipton,Jake Goodnow,
Pool Play,Open Pro,Pool E,6,Single game,Come and Go,Nelson Mattdela,Come and Go,21,15,,,,,Jake Mottershead,Mike Garrett,,Michael Nelson,Matthew Morelli,
Pool Play,Open Pro,Pool F,6,Single game,What‚Äôs cooking good looking,Ricky & Charles,What‚Äôs cooking good looking,21,18,,,,,Ryan Baillargeon,Josh Fragiacomo,,Charles Mordacq,Ricky Santiago,
Pool Play,Open Pro,Pool F,6,Single game,Wills/Wilson,Quick Draw,Quick Draw,16,21,,,,,Nate Wilson,Grayson M  Wills,,Pat Marinich,Caleb White,
Pool Play,Open Pro,Pool G,6,Single game,Autonomous,Meatballs,Meatballs,24,25,,,,,Tyler Fernandez,Chase Meyer,,Joey Maichen,Lucas Pruett,
Pool Play,Open Pro,Pool G,6,Single game,Griddy Guys,Do2,Griddy Guys,21,17,,,,,Tim Lacagnina,Rob's Traveler,,Spencer Argenna,David Rowlands,
Pool Play,Open Pro,Pool H,6,Single game,Jersey Boyz,Might Not Show,Jersey Boyz,21,15,,,,,Corey Weiss,Matt Spolarich,,Josh Hutko,Austin Ha,
Pool Play,Open Pro,Pool H,6,Single game,Meateerballs,HIGH,Meateerballs,21,18,,,,,Connor Nelson,Javier Vidal,,Dalton Gilder,Brandon Stokes,
Pool Play,Open Pro,Pool I,6,Single game,Shorter & Taller,Limitless Faith,Limitless Faith,17,21,,,,,Andrew Sullivan,Caleb Shorter,,Ethan Domster,Andrew Raber,
Pool Play,Open Pro,Pool I,6,Single game,The 64th Team,CRO Reverse Funnel,The 64th Team,24,22,,,,,Sam Bunze,Luke Repass,,Nicholas Puopolo,Nathan Goh,
Pool Play,Open Pro,Pool J,6,Single game,Evasive Maneuvers,Handsome Man Fans,Evasive Maneuvers,23,21,,,,,Jenson Miller,Michael Barkman,,Liam Sherron,Calvin Smith,
Pool Play,Open Pro,Pool J,6,Single game,Rimi Olimpiskais,Butter Me Up,Rimi Olimpiskais,21,15,,,,,Archie Powell,Dan Bonowski,,James Ledbetter,kevin cadle,
Pool Play,Open Pro,Pool K,6,Single game,CRO Fall Damage,PBR Sleepy in Seattle,CRO Fall Damage,21,12,,,,,Chris Brown,Tyler Babin,,Brian Perlson,Michael Capobianco,
Pool Play,Open Pro,Pool K,6,Single game,True,Nittany Nation,True,21,19,,,,,Artie Singer,Jack coolbaugh,,Tyler Keener,Henry Pleszkoch,
Pool Play,Open Pro,Pool L,6,Single game,Project Roundnet,Duncan and Aidan,Project Roundnet,24,22,,,,,Samuel Corey,Josh Esposo,,Dennis Joseph,Jared Bingham,
Pool Play,Open Pro,Pool L,6,Single game,ya tu sabe,Water Boiz,ya tu sabe,22,20,,,,,Thomas Hoffman,David Gonzales,,Rafi Moldovsky,Joel Morrell,
Pool Play,Open Pro,Pool M,6,Single game,The Prince,Fa(s)t üßå,The Prince,21,16,,,,,Maxime Prince,Samuel Prince,,Joey Reynolds,Clifford Amadeo LeVeque,
Pool Play,Open Pro,Pool M,6,Single game,CRO Weather Nerfed,Jelly,Jelly,17,21,,,,,Leonardo Tullo,Adrian Garcea,,Joel Lapp,Micah Zimmerman,
Pool Play,Open Pro,Pool N,6,Single game,DYN,Bev‚Äôd Up,DYN,21,18,,,,,Demitri Forand,Henry Pilliod,,Sean Brown,Nate KT,
Pool Play,Open Pro,Pool N,6,Single game,Buchanan/Dantowitz,Yucky Duckies,Yucky Duckies,15,21,,,,,John Buchanan,Ezra Dantowitz,,alex stan,A.j. Martin,
Pool Play,Open Pro,Pool O,6,Single game,Eternal Atake,Global Citizens,Eternal Atake,21,14,,,,,Reid Lampert,Kurt Lannetti,,Maxwell Gunneson,Connor Prelich,
Pool Play,Open Pro,Pool O,6,Single game,Carter/Ulrich,GNALR,GNALR,19,21,,,,,Brody Ulrich,Mitchell Carter,,Sam Mccune,Alex Newton,
Pool Play,Open Pro,Pool P,6,Single game,Sunday Special,Hot n Ready,Hot n Ready,20,22,,,,,Owen Bass,Peter Lu,,Nick Evanko,Rendall Weaver,
Pool Play,Open Pro,Pool P,6,Single game,LL Unfinished Business,Asioneer,Asioneer,14,21,,,,,Josh DiDonato,Ryan Paul,,CHOU PO-JUI,Jerry Lee,
Bracket Play,Open Pro,Bracket A,Round of 32,Best of 3,Rogue,Sunday Special,Rogue,21,11,21,11,,,Ryan Marino,Thomas Hamilton,,Owen Bass,Peter Lu,
Bracket Play,Open Pro,Bracket A,Round of 32,Best of 3,Judgment Day,Autonomous,Judgment Day,21,17,21,18,,,fredric hinkle,Gabriel Finocchi,,Tyler Fernandez,Chase Meyer,
Bracket Play,Open Pro,Bracket A,Round of 32,Best of 3,Bot House,Shorter & Taller,Bot House,21,16,21,19,,,West Peterson,Owen Lippman,,Andrew Sullivan,Caleb Shorter,
Bracket Play,Open Pro,Bracket A,Round of 32,Best of 3,Bad Combo,Project Roundnet,Bad Combo,21,8,21,14,,,Rahul Murthy,Will Picone,,Samuel Corey,Josh Esposo,
Bracket Play,Open Pro,Bracket A,Round of 32,Best of 3,TRP Spotless,Limitless Faith,TRP Spotless,21,18,21,15,,,Ryan Gross,Joe Bondi,,Ethan Domster,Andrew Raber,
Bracket Play,Open Pro,Bracket A,Round of 32,Best of 3,Critical Hit,Meatballs,Critical Hit,21,11,21,14,,,Justin Barr,Vincent Mathieu,,Joey Maichen,Lucas Pruett,
Bracket Play,Open Pro,Bracket A,Round of 32,Best of 3,MIDDS,Hot n Ready,MIDDS,20,22,21,12,21,19,Dawson Morgan,Caleb Cummings,,Nick Evanko,Rendall Weaver,
Bracket Play,Open Pro,Bracket A,Round of 32,Best of 3,Kingdom Come,Lazy,Kingdom Come,21,12,21,16,,,Grant Klapwijk,Matthew Cole,,Cade Larson,Luke Marshall,
Bracket Play,Open Pro,Bracket A,Round of 32,Best of 3,Hilltop,Duncan and Aidan,Hilltop,21,14,21,14,,,Cole Model,Max Model,,Dennis Joseph,Jared Bingham,
Bracket Play,Open Pro,Bracket A,Round of 32,Best of 3,TRP Mermaid Sparkle,What‚Äôs cooking good looking,TRP Mermaid Sparkle,21,17,21,18,,,Noah Luskus,Christian Bennett,,Ryan Baillargeon,Josh Fragiacomo,
Bracket Play,Open Pro,Bracket A,Round of 32,Best of 3,Boat Carriers,DYN,Boat Carriers,21,17,21,18,,,Matthew Burrows,Brayden Latham,,Demitri Forand,Henry Pilliod,
Bracket Play,Open Pro,Bracket A,Round of 32,Best of 3,Profit Boost,Meateerballs,Profit Boost,21,19,22,20,,,Justin Shaytar,Kieran Rose,,Connor Nelson,Javier Vidal,
Bracket Play,Open Pro,Bracket A,Round of 32,Best of 3,TRP Mammoth,Eternal Atake,Eternal Atake,16,21,16,21,,,Ali Jenki,Clark Marshall,,Reid Lampert,Kurt Lannetti,
Bracket Play,Open Pro,Bracket A,Round of 32,Best of 3,Tube Steaks,Evasive Maneuvers,Evasive Maneuvers,26,28,16,21,,,Skyler Sebring,Emerson Dean,,Jenson Miller,Michael Barkman,
Bracket Play,Open Pro,Bracket A,Round of 32,Best of 3,Cigar Boys,The Prince,Cigar Boys,21,19,21,14,,,Grant Laughlin,Dan Abrams,,Maxime Prince,Samuel Prince,
Bracket Play,Open Pro,Bracket A,Round of 32,Best of 3,Pantalons de pyj,CRO Fall Damage,CRO Fall Damage,21,17,14,21,17,21,√âlie Pilon,Lou Paradis,,Chris Brown,Tyler Babin,
Bracket Play,Open Pro,Bracket A,Round of 16,Best of 3,Rogue,CRO Fall Damage,Rogue,20,22,21,18,21,10,Ryan Marino,Thomas Hamilton,,Chris Brown,Tyler Babin,
Bracket Play,Open Pro,Bracket A,Round of 16,Best of 3,Judgment Day,Cigar Boys,Judgment Day,21,16,21,18,,,fredric hinkle,Gabriel Finocchi,,Grant Laughlin,Dan Abrams,
Bracket Play,Open Pro,Bracket A,Round of 16,Best of 3,Bot House,Evasive Maneuvers,Bot House,21,13,21,18,,,West Peterson,Owen Lippman,,Jenson Miller,Michael Barkman,
Bracket Play,Open Pro,Bracket A,Round of 16,Best of 3,Bad Combo,Eternal Atake,Bad Combo,21,14,21,16,,,Rahul Murthy,Will Picone,,Reid Lampert,Kurt Lannetti,
Bracket Play,Open Pro,Bracket A,Round of 16,Best of 3,TRP Spotless,Profit Boost,TRP Spotless,21,15,19,21,21,11,Ryan Gross,Joe Bondi,,Justin Shaytar,Kieran Rose,
Bracket Play,Open Pro,Bracket A,Round of 16,Best of 3,Critical Hit,Boat Carriers,Critical Hit,21,16,21,9,,,Justin Barr,Vincent Mathieu,,Matthew Burrows,Brayden Latham,
Bracket Play,Open Pro,Bracket A,Round of 16,Best of 3,MIDDS,TRP Mermaid Sparkle,TRP Mermaid Sparkle,21,18,24,26,18,21,Dawson Morgan,Caleb Cummings,,Noah Luskus,Christian Bennett,
Bracket Play,Open Pro,Bracket A,Round of 16,Best of 3,Kingdom Come,Hilltop,Kingdom Come,21,9,21,17,,,Grant Klapwijk,Matthew Cole,,Cole Model,Max Model,
Bracket Play,Open Pro,Bracket A,P17: Round of 16,Single game,Pantalons de pyj,Sunday Special,Pantalons de pyj,1,0,,,,,√âlie Pilon,Lou Paradis,,Owen Bass,Peter Lu,
Bracket Play,Open Pro,Bracket A,P17: Round of 16,Single game,DYN,Meatballs,DYN,1,0,,,,,Demitri Forand,Henry Pilliod,,Joey Maichen,Lucas Pruett,
Bracket Play,Open Pro,Bracket A,P17: Round of 16,Single game,Duncan and Aidan,Lazy,Duncan and Aidan,1,0,,,,,Dennis Joseph,Jared Bingham,,Cade Larson,Luke Marshall,
Bracket Play,Open Pro,Bracket A,Quarter-final,Best of 3,Rogue,Kingdom Come,Rogue,21,15,21,23,21,18,Ryan Marino,Thomas Hamilton,,Grant Klapwijk,Matthew Cole,
Bracket Play,Open Pro,Bracket A,Quarter-final,Best of 3,Judgment Day,TRP Mermaid Sparkle,Judgment Day,21,19,21,15,,,fredric hinkle,Gabriel Finocchi,,Noah Luskus,Christian Bennett,
Bracket Play,Open Pro,Bracket A,Quarter-final,Best of 3,Bot House,Critical Hit,Critical Hit,15,21,19,21,,,West Peterson,Owen Lippman,,Justin Barr,Vincent Mathieu,
Bracket Play,Open Pro,Bracket A,Quarter-final,Best of 3,Bad Combo,TRP Spotless,TRP Spotless,12,21,15,21,,,Rahul Murthy,Will Picone,,Ryan Gross,Joe Bondi,
Bracket Play,Open Pro,Bracket A,P9: Quarter-final,Single game,Hilltop,CRO Fall Damage,Hilltop,2,0,,,,,Cole Model,Max Model,,Chris Brown,Tyler Babin,
Bracket Play,Open Pro,Bracket A,P9: Quarter-final,Single game,Profit Boost,Eternal Atake,Profit Boost,2,0,,,,,Justin Shaytar,Kieran Rose,,Reid Lampert,Kurt Lannetti,
Bracket Play,Open Pro,Bracket A,Semi-final,Best of 3,Rogue,TRP Spotless,Rogue,12,21,21,11,26,24,Ryan Marino,Thomas Hamilton,,Ryan Gross,Joe Bondi,
Bracket Play,Open Pro,Bracket A,Semi-final,Best of 3,Judgment Day,Critical Hit,Critical Hit,21,19,19,21,19,21,fredric hinkle,Gabriel Finocchi,,Justin Barr,Vincent Mathieu,
Bracket Play,Open Pro,Bracket A,Final,Best of 3,Rogue,Critical Hit,Rogue,23,21,21,19,,,Ryan Marino,Thomas Hamilton,,Justin Barr,Vincent Mathieu,
Bracket Play,Open Pro,Bracket A,P3: Final,Best of 3,Judgment Day,TRP Spotless,Judgment Day,21,17,20,22,21,17,fredric hinkle,Gabriel Finocchi,,Ryan Gross,Joe Bondi,
Bracket Play,Open Pro,Bracket B,Round of 32,Best of 3,Jersey Boyz,Butter Me Up,Butter Me Up,-2,0,-2,0,,,Corey Weiss,Matt Spolarich,,James Ledbetter,kevin cadle,
Bracket Play,Open Pro,Bracket B,Round of 32,Best of 3,Come and Go,CRO Weather Nerfed,CRO Weather Nerfed,18,21,21,15,18,21,Jake Mottershead,Mike Garrett,,Leonardo Tullo,Adrian Garcea,
Bracket Play,Open Pro,Bracket B,Round of 32,Best of 3,Jelly,LL Unfinished Business,Jelly,21,13,21,18,,,Joel Lapp,Micah Zimmerman,,Josh DiDonato,Ryan Paul,
Bracket Play,Open Pro,Bracket B,Round of 32,Best of 3,True,Do2,True,1,0,1,0,,,Artie Singer,Jack coolbaugh,,Spencer Argenna,David Rowlands,
Bracket Play,Open Pro,Bracket B,Round of 32,Best of 3,Handsome Man Fans,Water Boiz,Handsome Man Fans,21,11,21,19,,,Liam Sherron,Calvin Smith,,Rafi Moldovsky,Joel Morrell,
Bracket Play,Open Pro,Bracket B,Round of 32,Best of 3,Quick Draw,Might Not Show,Might Not Show,16,21,13,21,,,Pat Marinich,Caleb White,,Josh Hutko,Austin Ha,
Bracket Play,Open Pro,Bracket B,Round of 32,Best of 3,Asioneer,PBR Sleepy in Seattle,Asioneer,16,21,21,17,21,11,CHOU PO-JUI,Jerry Lee,,Brian Perlson,Michael Capobianco,
Bracket Play,Open Pro,Bracket B,Round of 32,Best of 3,Griddy Guys,Nelson Mattdela,Nelson Mattdela,19,21,19,21,,,Tim Lacagnina,Rob's Traveler,,Michael Nelson,Matthew Morelli,
Bracket Play,Open Pro,Bracket B,Round of 32,Best of 3,Rimi Olimpiskais,Carter/Ulrich,Rimi Olimpiskais,21,18,21,16,,,Archie Powell,Dan Bonowski,,Brody Ulrich,Mitchell Carter,
Bracket Play,Open Pro,Bracket B,Round of 32,Best of 3,Global Citizens,Yucky Duckies,Global Citizens,21,18,22,20,,,Maxwell Gunneson,Connor Prelich,,alex stan,A.j. Martin,
Bracket Play,Open Pro,Bracket B,Round of 32,Best of 3,Buchanan/Dantowitz,ya tu sabe,ya tu sabe,18,21,15,21,,,John Buchanan,Ezra Dantowitz,,Thomas Hoffman,David Gonzales,
Bracket Play,Open Pro,Bracket B,Round of 32,Best of 3,Death by a Thousand Cuts,Ricky & Charles,Death by a Thousand Cuts,21,14,21,19,,,Charles Tipton,Jake Goodnow,,Charles Mordacq,Ricky Santiago,
Bracket Play,Open Pro,Bracket B,Round of 32,Best of 3,Fa(s)t üßå,Nittany Nation,Fa(s)t üßå,25,23,27,25,,,Joey Reynolds,Clifford Amadeo LeVeque,,Tyler Keener,Henry Pleszkoch,
Bracket Play,Open Pro,Bracket B,Round of 32,Best of 3,Bev‚Äôd Up,HIGH,Bev‚Äôd Up,0,-2,0,-2,,,Sean Brown,Nate KT,,Dalton Gilder,Brandon Stokes,
Bracket Play,Open Pro,Bracket B,Round of 32,Best of 3,GNALR,CRO Reverse Funnel,GNALR,21,19,21,16,,,Sam Mccune,Alex Newton,,Nicholas Puopolo,Nathan Goh,
Bracket Play,Open Pro,Bracket B,Round of 32,Best of 3,Wills/Wilson,The 64th Team,Wills/Wilson,21,19,22,20,,,Nate Wilson,Grayson M  Wills,,Sam Bunze,Luke Repass,
Bracket Play,Open Pro,Bracket B,Round of 16,Best of 3,Butter Me Up,Wills/Wilson,Butter Me Up,21,19,15,21,24,22,James Ledbetter,kevin cadle,,Nate Wilson,Grayson M  Wills,
Bracket Play,Open Pro,Bracket B,Round of 16,Best of 3,True,Fa(s)t üßå,True,1,0,1,0,,,Artie Singer,Jack coolbaugh,,Joey Reynolds,Clifford Amadeo LeVeque,
Bracket Play,Open Pro,Bracket B,Round of 16,Best of 3,Handsome Man Fans,Death by a Thousand Cuts,Death by a Thousand Cuts,-2,0,-2,0,,,Liam Sherron,Calvin Smith,,Charles Tipton,Jake Goodnow,
Bracket Play,Open Pro,Bracket B,Round of 16,Best of 3,Might Not Show,ya tu sabe,ya tu sabe,15,21,18,21,,,Josh Hutko,Austin Ha,,Thomas Hoffman,David Gonzales,
Bracket Play,Open Pro,Bracket B,Round of 16,Best of 3,Asioneer,Global Citizens,Asioneer,21,18,21,15,,,CHOU PO-JUI,Jerry Lee,,Maxwell Gunneson,Connor Prelich,
Bracket Play,Open Pro,Bracket B,Round of 16,Best of 3,Nelson Mattdela,Rimi Olimpiskais,Rimi Olimpiskais,19,21,18,21,,,Michael Nelson,Matthew Morelli,,Archie Powell,Dan Bonowski,
Bracket Play,Open Pro,Bracket B,Quarter-final,Best of 3,Butter Me Up,Rimi Olimpiskais,Butter Me Up,1,0,0,1,1,0,James Ledbetter,kevin cadle,,Archie Powell,Dan Bonowski,
Bracket Play,Open Pro,Bracket B,Quarter-final,Best of 3,GNALR,Asioneer,Asioneer,17,21,17,21,,,Sam Mccune,Alex Newton,,CHOU PO-JUI,Jerry Lee,
Bracket Play,Open Pro,Bracket B,Quarter-final,Best of 3,Jelly,ya tu sabe,ya tu sabe,-2,0,-2,0,,,Joel Lapp,Micah Zimmerman,,Thomas Hoffman,David Gonzales,
Bracket Play,Open Pro,Bracket B,Quarter-final,Best of 3,True,Death by a Thousand Cuts,True,1,0,1,0,,,Artie Singer,Jack coolbaugh,,Charles Tipton,Jake Goodnow,
Bracket Play,Open Pro,Bracket B,Semi-final,Best of 3,Butter Me Up,True,True,0,1,0,1,,,James Ledbetter,kevin cadle,,Artie Singer,Jack coolbaugh,
Bracket Play,Open Pro,Bracket B,Semi-final,Best of 3,Asioneer,ya tu sabe,Asioneer,21,18,19,21,26,24,CHOU PO-JUI,Jerry Lee,,Thomas Hoffman,David Gonzales,
Bracket Play,Open Pro,Bracket B,Final,Best of 3,True,Asioneer,True,21,17,21,10,,,Artie Singer,Jack coolbaugh,,CHOU PO-JUI,Jerry Lee,
Bracket Play,Open Pro,Bracket B,P3: Final,Best of 3,ya tu sabe,Butter Me Up,Butter Me Up,0,1,0,1,,,Thomas Hoffman,David Gonzales,,James Ledbetter,kevin cadle,
Pool Play,Women's Pro,Pool A,1,Single game,VVM,Tea Time,VVM,21,15,,,,,Olivia Jenki,Allie Foster,,Lou Washburn,Joelle Nguyen,
Pool Play,Women's Pro,Pool A,1,Single game,Royalty,angst,Royalty,21,19,,,,,Laurence Vall√©e,Katie Pierson,,Sarah Allen,Kalin Morgan,
Pool Play,Women's Pro,Pool B,1,Single game,Space Monkeys üöÄüêí,Cheesin,Space Monkeys üöÄüêí,21,3,,,,,Rafaela Bastos,Stef Ding,,Bel Belvedere,Amanda Jamieson,
Pool Play,Women's Pro,Pool B,1,Single game,Phan/Raber,Blind Date,Phan/Raber,25,23,,,,,Delanie Raber,Katheleen Phan,,Antonia Dreiling,Katrina Gabriella,
Pool Play,Women's Pro,Pool C,1,Single game,Ruach,Your Mom,Ruach,21,4,,,,,Bekah Smith,Julia Brochu,,Anna Lucas,Alyssa Drain,
Pool Play,Women's Pro,Pool C,1,Single game,Loopy Juice,Tessa & Lyd,Loopy Juice,24,22,,,,,Lourna Szabanos,Kate B,,Lydia Malone,Tessa White,
Pool Play,Women's Pro,Pool D,1,Single game,THE BOYS,:-D,THE BOYS,21,18,,,,,Jaime Cunningham,Sylvia Dean,,Carina Kuo,Tung Lin,
Pool Play,Women's Pro,Pool D,1,Single game,Sharing is Caring,Juice,Sharing is Caring,21,9,,,,,Meagan Bown,Adrianna Grothause,,Janey Rubin,Rachel Dolan,
Pool Play,Women's Pro,Pool A,2,Single game,VVM,angst,VVM,21,17,,,,,Olivia Jenki,Allie Foster,,Sarah Allen,Kalin Morgan,
Pool Play,Women's Pro,Pool A,2,Single game,Royalty,Tea Time,Royalty,21,19,,,,,Laurence Vall√©e,Katie Pierson,,Lou Washburn,Joelle Nguyen,
Pool Play,Women's Pro,Pool B,2,Single game,Space Monkeys üöÄüêí,Blind Date,Space Monkeys üöÄüêí,21,17,,,,,Rafaela Bastos,Stef Ding,,Antonia Dreiling,Katrina Gabriella,
Pool Play,Women's Pro,Pool B,2,Single game,Phan/Raber,Cheesin,Phan/Raber,21,18,,,,,Delanie Raber,Katheleen Phan,,Bel Belvedere,Amanda Jamieson,
Pool Play,Women's Pro,Pool C,2,Single game,Ruach,Tessa & Lyd,Ruach,21,13,,,,,Bekah Smith,Julia Brochu,,Lydia Malone,Tessa White,
Pool Play,Women's Pro,Pool C,2,Single game,Loopy Juice,Your Mom,Loopy Juice,22,20,,,,,Lourna Szabanos,Kate B,,Anna Lucas,Alyssa Drain,
Pool Play,Women's Pro,Pool D,2,Single game,THE BOYS,Juice,THE BOYS,21,7,,,,,Jaime Cunningham,Sylvia Dean,,Janey Rubin,Rachel Dolan,
Pool Play,Women's Pro,Pool D,2,Single game,Sharing is Caring,:-D,Sharing is Caring,22,20,,,,,Meagan Bown,Adrianna Grothause,,Carina Kuo,Tung Lin,
Pool Play,Women's Pro,Pool A,3,Single game,VVM,Royalty,Royalty,14,21,,,,,Olivia Jenki,Allie Foster,,Laurence Vall√©e,Katie Pierson,
Pool Play,Women's Pro,Pool A,3,Single game,angst,Tea Time,angst,22,20,,,,,Sarah Allen,Kalin Morgan,,Lou Washburn,Joelle Nguyen,
Pool Play,Women's Pro,Pool B,3,Single game,Space Monkeys üöÄüêí,Phan/Raber,Phan/Raber,17,21,,,,,Rafaela Bastos,Stef Ding,,Delanie Raber,Katheleen Phan,
Pool Play,Women's Pro,Pool B,3,Single game,Blind Date,Cheesin,Blind Date,21,11,,,,,Antonia Dreiling,Katrina Gabriella,,Bel Belvedere,Amanda Jamieson,
Pool Play,Women's Pro,Pool C,3,Single game,Ruach,Loopy Juice,Ruach,21,5,,,,,Bekah Smith,Julia Brochu,,Lourna Szabanos,Kate B,
Pool Play,Women's Pro,Pool C,3,Single game,Tessa & Lyd,Your Mom,Tessa & Lyd,21,17,,,,,Lydia Malone,Tessa White,,Anna Lucas,Alyssa Drain,
Pool Play,Women's Pro,Pool D,3,Single game,THE BOYS,Sharing is Caring,THE BOYS,21,15,,,,,Jaime Cunningham,Sylvia Dean,,Meagan Bown,Adrianna Grothause,
Pool Play,Women's Pro,Pool D,3,Single game,Juice,:-D,:-D,11,21,,,,,Janey Rubin,Rachel Dolan,,Carina Kuo,Tung Lin,
Pool Play,Women's Pro,Pool A,4,Single game,VVM,Tea Time,VVM,21,14,,,,,Olivia Jenki,Allie Foster,,Lou Washburn,Joelle Nguyen,
Pool Play,Women's Pro,Pool A,4,Single game,Royalty,angst,Royalty,21,18,,,,,Laurence Vall√©e,Katie Pierson,,Sarah Allen,Kalin Morgan,
Pool Play,Women's Pro,Pool B,4,Single game,Space Monkeys üöÄüêí,Cheesin,Space Monkeys üöÄüêí,21,11,,,,,Rafaela Bastos,Stef Ding,,Bel Belvedere,Amanda Jamieson,
Pool Play,Women's Pro,Pool B,4,Single game,Phan/Raber,Blind Date,Phan/Raber,21,10,,,,,Delanie Raber,Katheleen Phan,,Antonia Dreiling,Katrina Gabriella,
Pool Play,Women's Pro,Pool C,4,Single game,Ruach,Your Mom,Ruach,21,5,,,,,Bekah Smith,Julia Brochu,,Anna Lucas,Alyssa Drain,
Pool Play,Women's Pro,Pool C,4,Single game,Loopy Juice,Tessa & Lyd,Loopy Juice,21,11,,,,,Lourna Szabanos,Kate B,,Lydia Malone,Tessa White,
Pool Play,Women's Pro,Pool D,4,Single game,THE BOYS,:-D,THE BOYS,21,18,,,,,Jaime Cunningham,Sylvia Dean,,Carina Kuo,Tung Lin,
Pool Play,Women's Pro,Pool D,4,Single game,Sharing is Caring,Juice,Sharing is Caring,21,15,,,,,Meagan Bown,Adrianna Grothause,,Janey Rubin,Rachel Dolan,
Pool Play,Women's Pro,Pool A,5,Single game,VVM,angst,angst,24,25,,,,,Olivia Jenki,Allie Foster,,Sarah Allen,Kalin Morgan,
Pool Play,Women's Pro,Pool A,5,Single game,Royalty,Tea Time,Royalty,21,14,,,,,Laurence Vall√©e,Katie Pierson,,Lou Washburn,Joelle Nguyen,
Pool Play,Women's Pro,Pool B,5,Single game,Space Monkeys üöÄüêí,Blind Date,Space Monkeys üöÄüêí,21,10,,,,,Rafaela Bastos,Stef Ding,,Antonia Dreiling,Katrina Gabriella,
Pool Play,Women's Pro,Pool B,5,Single game,Phan/Raber,Cheesin,Phan/Raber,21,17,,,,,Delanie Raber,Katheleen Phan,,Bel Belvedere,Amanda Jamieson,
Pool Play,Women's Pro,Pool C,5,Single game,Ruach,Tessa & Lyd,Ruach,21,9,,,,,Bekah Smith,Julia Brochu,,Lydia Malone,Tessa White,
Pool Play,Women's Pro,Pool C,5,Single game,Loopy Juice,Your Mom,Loopy Juice,23,21,,,,,Lourna Szabanos,Kate B,,Anna Lucas,Alyssa Drain,
Pool Play,Women's Pro,Pool D,5,Single game,THE BOYS,Juice,THE BOYS,21,9,,,,,Jaime Cunningham,Sylvia Dean,,Janey Rubin,Rachel Dolan,
Pool Play,Women's Pro,Pool D,5,Single game,Sharing is Caring,:-D,Sharing is Caring,21,10,,,,,Meagan Bown,Adrianna Grothause,,Carina Kuo,Tung Lin,
Pool Play,Women's Pro,Pool A,6,Single game,VVM,Royalty,Royalty,18,21,,,,,Olivia Jenki,Allie Foster,,Laurence Vall√©e,Katie Pierson,
Pool Play,Women's Pro,Pool A,6,Single game,angst,Tea Time,Tea Time,12,21,,,,,Sarah Allen,Kalin Morgan,,Lou Washburn,Joelle Nguyen,
Pool Play,Women's Pro,Pool B,6,Single game,Space Monkeys üöÄüêí,Phan/Raber,Phan/Raber,19,21,,,,,Rafaela Bastos,Stef Ding,,Delanie Raber,Katheleen Phan,
Pool Play,Women's Pro,Pool B,6,Single game,Blind Date,Cheesin,Blind Date,21,13,,,,,Antonia Dreiling,Katrina Gabriella,,Bel Belvedere,Amanda Jamieson,
Pool Play,Women's Pro,Pool C,6,Single game,Ruach,Loopy Juice,Ruach,21,12,,,,,Bekah Smith,Julia Brochu,,Lourna Szabanos,Kate B,
Pool Play,Women's Pro,Pool C,6,Single game,Tessa & Lyd,Your Mom,Tessa & Lyd,21,19,,,,,Lydia Malone,Tessa White,,Anna Lucas,Alyssa Drain,
Pool Play,Women's Pro,Pool D,6,Single game,THE BOYS,Sharing is Caring,Sharing is Caring,18,21,,,,,Jaime Cunningham,Sylvia Dean,,Meagan Bown,Adrianna Grothause,
Pool Play,Women's Pro,Pool D,6,Single game,Juice,:-D,:-D,14,21,,,,,Janey Rubin,Rachel Dolan,,Carina Kuo,Tung Lin,
Bracket Play,Women's Pro,Bracket A,Round of 16,Best of 3,Royalty,Juice,Royalty,21,7,21,7,,,Laurence Vall√©e,Katie Pierson,,Janey Rubin,Rachel Dolan,
Bracket Play,Women's Pro,Bracket A,Round of 16,Best of 3,VVM,Cheesin,VVM,21,11,21,16,,,Olivia Jenki,Allie Foster,,Bel Belvedere,Amanda Jamieson,
Bracket Play,Women's Pro,Bracket A,Round of 16,Best of 3,angst,Your Mom,angst,21,7,21,11,,,Sarah Allen,Kalin Morgan,,Anna Lucas,Alyssa Drain,
Bracket Play,Women's Pro,Bracket A,Round of 16,Best of 3,Tea Time,Tessa & Lyd,Tea Time,21,10,21,6,,,Lou Washburn,Joelle Nguyen,,Lydia Malone,Tessa White,
Bracket Play,Women's Pro,Bracket A,Round of 16,Best of 3,Ruach,Blind Date,Ruach,21,11,21,9,,,Bekah Smith,Julia Brochu,,Antonia Dreiling,Katrina Gabriella,
Bracket Play,Women's Pro,Bracket A,Round of 16,Best of 3,Phan/Raber,:-D,Phan/Raber,21,16,21,19,,,Delanie Raber,Katheleen Phan,,Carina Kuo,Tung Lin,
Bracket Play,Women's Pro,Bracket A,Round of 16,Best of 3,THE BOYS,Loopy Juice,THE BOYS,21,10,21,11,,,Jaime Cunningham,Sylvia Dean,,Lourna Szabanos,Kate B,
Bracket Play,Women's Pro,Bracket A,Round of 16,Best of 3,Sharing is Caring,Space Monkeys üöÄüêí,Space Monkeys üöÄüêí,11,21,17,21,,,Meagan Bown,Adrianna Grothause,,Rafaela Bastos,Stef Ding,
Bracket Play,Women's Pro,Bracket A,Quarter-final,Best of 3,Royalty,Space Monkeys üöÄüêí,Royalty,21,15,21,16,,,Laurence Vall√©e,Katie Pierson,,Rafaela Bastos,Stef Ding,
Bracket Play,Women's Pro,Bracket A,Quarter-final,Best of 3,VVM,THE BOYS,VVM,21,18,21,18,,,Olivia Jenki,Allie Foster,,Jaime Cunningham,Sylvia Dean,
Bracket Play,Women's Pro,Bracket A,Quarter-final,Best of 3,angst,Phan/Raber,angst,21,14,21,10,,,Sarah Allen,Kalin Morgan,,Delanie Raber,Katheleen Phan,
Bracket Play,Women's Pro,Bracket A,Quarter-final,Best of 3,Tea Time,Ruach,Tea Time,22,24,23,21,21,8,Lou Washburn,Joelle Nguyen,,Bekah Smith,Julia Brochu,
Bracket Play,Women's Pro,Bracket A,P9: Quarter-final,Single game,Sharing is Caring,Juice,Sharing is Caring,21,14,,,,,Meagan Bown,Adrianna Grothause,,Janey Rubin,Rachel Dolan,
Bracket Play,Women's Pro,Bracket A,P9: Quarter-final,Single game,Loopy Juice,Cheesin,Loopy Juice,22,20,,,,,Lourna Szabanos,Kate B,,Bel Belvedere,Amanda Jamieson,
Bracket Play,Women's Pro,Bracket A,P9: Quarter-final,Single game,Blind Date,Tessa & Lyd,Blind Date,0,-2,,,,,Antonia Dreiling,Katrina Gabriella,,Lydia Malone,Tessa White,
Bracket Play,Women's Pro,Bracket A,Semi-final,Best of 3,Royalty,Tea Time,Royalty,21,19,21,15,,,Laurence Vall√©e,Katie Pierson,,Lou Washburn,Joelle Nguyen,
Bracket Play,Women's Pro,Bracket A,Semi-final,Best of 3,VVM,angst,VVM,18,21,21,18,22,20,Olivia Jenki,Allie Foster,,Sarah Allen,Kalin Morgan,
Bracket Play,Women's Pro,Bracket A,Final,Best of 3,Royalty,VVM,VVM,0,1,0,1,,,Laurence Vall√©e,Katie Pierson,,Olivia Jenki,Allie Foster,
Bracket Play,Women's Pro,Bracket A,P3: Final,Best of 3,angst,Tea Time,angst,21,13,21,13,,,Sarah Allen,Kalin Morgan,,Lou Washburn,Joelle Nguyen,
