Stage,Division,Group/Bracket,Round,Match format,Team A,Team B,Winning team,Game 1 - Score team A,Game 1 - Score team B,Game 2 - Score team A,Game 2 - Score team B,Game 3 - Score team A,Game 3 - Score team B,Game 4 - Score team A,Game 4 - Score team B,Game 5 - Score team A,Game 5 - Score team B,Team A - Player 1,Team A - Player 2,Team A - Player 3,Team A - Player 4,Team B - Player 1,Team B - Player 2,Team B - Player 3,Team B - Player 4
Group Stage,Open Pro,Group A,1,Single game,Numb,Bang Bros Inc.,Numb,15,9,,,,,,,,,Paq Clifford,Kieran Rose,,,Kyle Fowler,Adam Porter,,
Group Stage,Open Pro,Group A,1,Single game,foolish,On the Nose,On the Nose,11,15,,,,,,,,,Sunny Gu,Lucas Pruett,,,Justin Barr,Dan Abrams,,
Group Stage,Open Pro,Group B,1,Single game,Kingdom Come,Incognito,Kingdom Come,15,6,,,,,,,,,Grant Klapwijk,Matthew Cole,,,Joseph Kaylor,Michael Du,,
Group Stage,Open Pro,Group B,1,Single game,Extra,Degenerates,Extra,15,10,,,,,,,,,Emerson Dean,J√© Gagnon,,,Thomas Hoffman,Jack coolbaugh,,
Group Stage,Open Pro,Group C,1,Single game,J.A.R.V.I.S.,minus aura,J.A.R.V.I.S.,15,8,,,,,,,,,Josh Fragiacomo,Connor Nelson,,,Nathan Robertt,Josh Hutko,,
Group Stage,Open Pro,Group C,1,Single game,Double Clutch,hotballers,Double Clutch,15,8,,,,,,,,,Rahul Murthy,fredric hinkle,,,Tyler Babin,Joshua Hachey,,
Group Stage,Open Pro,Group D,1,Single game,V‚ö°Ô∏èRGA,Shaytar/Wideman,V‚ö°Ô∏èRGA,15,12,,,,,,,,,Caleb Cummings,Dawson Morgan,,,Justin Shaytar,Nick Wideman,,
Group Stage,Open Pro,Group D,1,Single game,Bot House,FTR Frontier,Bot House,17,15,,,,,,,,,West Peterson,Owen Lippman,,,Jake Woolley,Kyan Kornfeld,,
Group Stage,Open Pro,Group A,2,Single game,Numb,On the Nose,Numb,15,9,,,,,,,,,Paq Clifford,Kieran Rose,,,Justin Barr,Dan Abrams,,
Group Stage,Open Pro,Group A,2,Single game,foolish,Bang Bros Inc.,Bang Bros Inc.,14,16,,,,,,,,,Sunny Gu,Lucas Pruett,,,Kyle Fowler,Adam Porter,,
Group Stage,Open Pro,Group B,2,Single game,Kingdom Come,Degenerates,Kingdom Come,15,8,,,,,,,,,Grant Klapwijk,Matthew Cole,,,Thomas Hoffman,Jack coolbaugh,,
Group Stage,Open Pro,Group B,2,Single game,Extra,Incognito,Extra,15,6,,,,,,,,,Emerson Dean,J√© Gagnon,,,Joseph Kaylor,Michael Du,,
Group Stage,Open Pro,Group C,2,Single game,J.A.R.V.I.S.,hotballers,J.A.R.V.I.S.,15,11,,,,,,,,,Josh Fragiacomo,Connor Nelson,,,Tyler Babin,Joshua Hachey,,
Group Stage,Open Pro,Group C,2,Single game,Double Clutch,minus aura,Double Clutch,15,9,,,,,,,,,Rahul Murthy,fredric hinkle,,,Nathan Robertt,Josh Hutko,,
Group Stage,Open Pro,Group D,2,Single game,V‚ö°Ô∏èRGA,FTR Frontier,V‚ö°Ô∏èRGA,15,11,,,,,,,,,Caleb Cummings,Dawson Morgan,,,Jake Woolley,Kyan Kornfeld,,
Group Stage,Open Pro,Group D,2,Single game,Bot House,Shaytar/Wideman,Shaytar/Wideman,13,15,,,,,,,,,West Peterson,Owen Lippman,,,Justin Shaytar,Nick Wideman,,
Group Stage,Open Pro,Group A,3,Single game,Numb,foolish,Numb,15,12,,,,,,,,,Paq Clifford,Kieran Rose,,,Sunny Gu,Lucas Pruett,,
Group Stage,Open Pro,Group A,3,Single game,On the Nose,Bang Bros Inc.,On the Nose,16,14,,,,,,,,,Justin Barr,Dan Abrams,,,Kyle Fowler,Adam Porter,,
Group Stage,Open Pro,Group B,3,Single game,Kingdom Come,Extra,Kingdom Come,17,15,,,,,,,,,Grant Klapwijk,Matthew Cole,,,Emerson Dean,J√© Gagnon,,
Group Stage,Open Pro,Group B,3,Single game,Degenerates,Incognito,Incognito,6,15,,,,,,,,,Thomas Hoffman,Jack coolbaugh,,,Joseph Kaylor,Michael Du,,
Group Stage,Open Pro,Group C,3,Single game,J.A.R.V.I.S.,Double Clutch,J.A.R.V.I.S.,15,9,,,,,,,,,Josh Fragiacomo,Connor Nelson,,,Rahul Murthy,fredric hinkle,,
Group Stage,Open Pro,Group C,3,Single game,hotballers,minus aura,hotballers,15,13,,,,,,,,,Tyler Babin,Joshua Hachey,,,Nathan Robertt,Josh Hutko,,
Group Stage,Open Pro,Group D,3,Single game,V‚ö°Ô∏èRGA,Bot House,V‚ö°Ô∏èRGA,15,11,,,,,,,,,Caleb Cummings,Dawson Morgan,,,West Peterson,Owen Lippman,,
Group Stage,Open Pro,Group D,3,Single game,FTR Frontier,Shaytar/Wideman,FTR Frontier,15,13,,,,,,,,,Jake Woolley,Kyan Kornfeld,,,Justin Shaytar,Nick Wideman,,
Group Stage,Open Pro,Group A,4,Single game,Numb,Bang Bros Inc.,Numb,15,12,,,,,,,,,Paq Clifford,Kieran Rose,,,Kyle Fowler,Adam Porter,,
Group Stage,Open Pro,Group A,4,Single game,foolish,On the Nose,foolish,15,12,,,,,,,,,Sunny Gu,Lucas Pruett,,,Justin Barr,Dan Abrams,,
Group Stage,Open Pro,Group B,4,Single game,Kingdom Come,Incognito,Kingdom Come,15,5,,,,,,,,,Grant Klapwijk,Matthew Cole,,,Joseph Kaylor,Michael Du,,
Group Stage,Open Pro,Group B,4,Single game,Extra,Degenerates,Extra,15,11,,,,,,,,,Emerson Dean,J√© Gagnon,,,Thomas Hoffman,Jack coolbaugh,,
Group Stage,Open Pro,Group C,4,Single game,J.A.R.V.I.S.,minus aura,J.A.R.V.I.S.,15,13,,,,,,,,,Josh Fragiacomo,Connor Nelson,,,Nathan Robertt,Josh Hutko,,
Group Stage,Open Pro,Group C,4,Single game,Double Clutch,hotballers,Double Clutch,15,9,,,,,,,,,Rahul Murthy,fredric hinkle,,,Tyler Babin,Joshua Hachey,,
Group Stage,Open Pro,Group D,4,Single game,V‚ö°Ô∏èRGA,Shaytar/Wideman,V‚ö°Ô∏èRGA,15,9,,,,,,,,,Caleb Cummings,Dawson Morgan,,,Justin Shaytar,Nick Wideman,,
Group Stage,Open Pro,Group D,4,Single game,Bot House,FTR Frontier,FTR Frontier,12,15,,,,,,,,,West Peterson,Owen Lippman,,,Jake Woolley,Kyan Kornfeld,,
Group Stage,Open Pro,Group A,5,Single game,Numb,On the Nose,On the Nose,14,16,,,,,,,,,Paq Clifford,Kieran Rose,,,Justin Barr,Dan Abrams,,
Group Stage,Open Pro,Group A,5,Single game,foolish,Bang Bros Inc.,Bang Bros Inc.,13,15,,,,,,,,,Sunny Gu,Lucas Pruett,,,Kyle Fowler,Adam Porter,,
Group Stage,Open Pro,Group B,5,Single game,Kingdom Come,Degenerates,Degenerates,16,18,,,,,,,,,Grant Klapwijk,Matthew Cole,,,Thomas Hoffman,Jack coolbaugh,,
Group Stage,Open Pro,Group B,5,Single game,Extra,Incognito,Extra,15,8,,,,,,,,,Emerson Dean,J√© Gagnon,,,Joseph Kaylor,Michael Du,,
Group Stage,Open Pro,Group C,5,Single game,J.A.R.V.I.S.,hotballers,J.A.R.V.I.S.,15,9,,,,,,,,,Josh Fragiacomo,Connor Nelson,,,Tyler Babin,Joshua Hachey,,
Group Stage,Open Pro,Group C,5,Single game,Double Clutch,minus aura,Double Clutch,20,18,,,,,,,,,Rahul Murthy,fredric hinkle,,,Nathan Robertt,Josh Hutko,,
Group Stage,Open Pro,Group D,5,Single game,V‚ö°Ô∏èRGA,FTR Frontier,V‚ö°Ô∏èRGA,15,9,,,,,,,,,Caleb Cummings,Dawson Morgan,,,Jake Woolley,Kyan Kornfeld,,
Group Stage,Open Pro,Group D,5,Single game,Bot House,Shaytar/Wideman,Bot House,17,15,,,,,,,,,West Peterson,Owen Lippman,,,Justin Shaytar,Nick Wideman,,
Group Stage,Open Pro,Group A,6,Single game,Numb,foolish,Numb,15,12,,,,,,,,,Paq Clifford,Kieran Rose,,,Sunny Gu,Lucas Pruett,,
Group Stage,Open Pro,Group A,6,Single game,On the Nose,Bang Bros Inc.,On the Nose,15,12,,,,,,,,,Justin Barr,Dan Abrams,,,Kyle Fowler,Adam Porter,,
Group Stage,Open Pro,Group B,6,Single game,Kingdom Come,Extra,Kingdom Come,15,13,,,,,,,,,Grant Klapwijk,Matthew Cole,,,Emerson Dean,J√© Gagnon,,
Group Stage,Open Pro,Group B,6,Single game,Degenerates,Incognito,Incognito,7,15,,,,,,,,,Thomas Hoffman,Jack coolbaugh,,,Joseph Kaylor,Michael Du,,
Group Stage,Open Pro,Group C,6,Single game,J.A.R.V.I.S.,Double Clutch,J.A.R.V.I.S.,15,8,,,,,,,,,Josh Fragiacomo,Connor Nelson,,,Rahul Murthy,fredric hinkle,,
Group Stage,Open Pro,Group C,6,Single game,hotballers,minus aura,minus aura,12,15,,,,,,,,,Tyler Babin,Joshua Hachey,,,Nathan Robertt,Josh Hutko,,
Group Stage,Open Pro,Group D,6,Single game,V‚ö°Ô∏èRGA,Bot House,Bot House,10,15,,,,,,,,,Caleb Cummings,Dawson Morgan,,,West Peterson,Owen Lippman,,
Group Stage,Open Pro,Group D,6,Single game,FTR Frontier,Shaytar/Wideman,Shaytar/Wideman,13,15,,,,,,,,,Jake Woolley,Kyan Kornfeld,,,Justin Shaytar,Nick Wideman,,
Bracket Stage,Open Pro,Bracket A,Round of 16,Best of 3,J.A.R.V.I.S.,Degenerates,J.A.R.V.I.S.,21,10,14,21,21,11,,,,,Josh Fragiacomo,Connor Nelson,,,Thomas Hoffman,Jack coolbaugh,,
Bracket Stage,Open Pro,Bracket A,Round of 16,Best of 3,Kingdom Come,hotballers,Kingdom Come,21,12,21,17,,,,,,,Grant Klapwijk,Matthew Cole,,,Tyler Babin,Joshua Hachey,,
Bracket Stage,Open Pro,Bracket A,Round of 16,Best of 3,Numb,minus aura,Numb,21,12,21,16,,,,,,,Paq Clifford,Kieran Rose,,,Nathan Robertt,Josh Hutko,,
Bracket Stage,Open Pro,Bracket A,Round of 16,Best of 3,V‚ö°Ô∏èRGA,foolish,V‚ö°Ô∏èRGA,25,23,21,15,,,,,,,Caleb Cummings,Dawson Morgan,,,Sunny Gu,Lucas Pruett,,
Bracket Stage,Open Pro,Bracket A,Round of 16,Best of 3,Extra,Incognito,Extra,21,11,21,17,,,,,,,Emerson Dean,J√© Gagnon,,,Joseph Kaylor,Michael Du,,
Bracket Stage,Open Pro,Bracket A,Round of 16,Best of 3,Double Clutch,Bang Bros Inc.,Double Clutch,21,19,21,17,,,,,,,Rahul Murthy,fredric hinkle,,,Kyle Fowler,Adam Porter,,
Bracket Stage,Open Pro,Bracket A,Round of 16,Best of 3,On the Nose,Shaytar/Wideman,On the Nose,19,21,21,17,21,19,,,,,Justin Barr,Dan Abrams,,,Justin Shaytar,Nick Wideman,,
Bracket Stage,Open Pro,Bracket A,Round of 16,Best of 3,Bot House,FTR Frontier,Bot House,21,12,21,18,,,,,,,West Peterson,Owen Lippman,,,Jake Woolley,Kyan Kornfeld,,
Bracket Stage,Open Pro,Bracket A,Quarter-final,Best of 3,J.A.R.V.I.S.,Bot House,J.A.R.V.I.S.,14,21,21,12,21,19,,,,,Josh Fragiacomo,Connor Nelson,,,West Peterson,Owen Lippman,,
Bracket Stage,Open Pro,Bracket A,Quarter-final,Best of 3,Kingdom Come,On the Nose,Kingdom Come,24,22,29,27,,,,,,,Grant Klapwijk,Matthew Cole,,,Justin Barr,Dan Abrams,,
Bracket Stage,Open Pro,Bracket A,Quarter-final,Best of 3,Numb,Double Clutch,Numb,20,22,21,16,21,13,,,,,Paq Clifford,Kieran Rose,,,Rahul Murthy,fredric hinkle,,
Bracket Stage,Open Pro,Bracket A,Quarter-final,Best of 3,V‚ö°Ô∏èRGA,Extra,Extra,19,21,13,21,,,,,,,Caleb Cummings,Dawson Morgan,,,Emerson Dean,J√© Gagnon,,
Bracket Stage,Open Pro,Bracket A,P9: Quarter-final,Single game,FTR Frontier,Degenerates,Degenerates,0,1,,,,,,,,,Jake Woolley,Kyan Kornfeld,,,Thomas Hoffman,Jack coolbaugh,,
Bracket Stage,Open Pro,Bracket A,P9: Quarter-final,Single game,Shaytar/Wideman,hotballers,hotballers,19,21,,,,,,,,,Justin Shaytar,Nick Wideman,,,Tyler Babin,Joshua Hachey,,
Bracket Stage,Open Pro,Bracket A,P9: Quarter-final,Single game,Incognito,foolish,foolish,18,21,,,,,,,,,Joseph Kaylor,Michael Du,,,Sunny Gu,Lucas Pruett,,
Bracket Stage,Open Pro,Bracket A,Semi-final,Best of 3,J.A.R.V.I.S.,Extra,Extra,19,21,16,21,,,,,,,Josh Fragiacomo,Connor Nelson,,,Emerson Dean,J√© Gagnon,,
Bracket Stage,Open Pro,Bracket A,Semi-final,Best of 3,Kingdom Come,Numb,Kingdom Come,21,18,21,14,,,,,,,Grant Klapwijk,Matthew Cole,,,Paq Clifford,Kieran Rose,,
Bracket Stage,Open Pro,Bracket A,P5: Semi-final,Single game,V‚ö°Ô∏èRGA,Bot House,V‚ö°Ô∏èRGA,17,15,,,,,,,,,Caleb Cummings,Dawson Morgan,,,West Peterson,Owen Lippman,,
Bracket Stage,Open Pro,Bracket A,P5: Semi-final,Single game,Double Clutch,On the Nose,On the Nose,19,21,,,,,,,,,Rahul Murthy,fredric hinkle,,,Justin Barr,Dan Abrams,,
Bracket Stage,Open Pro,Bracket A,P9: Semi-final,Single game,Degenerates,foolish,Degenerates,1,0,,,,,,,,,Thomas Hoffman,Jack coolbaugh,,,Sunny Gu,Lucas Pruett,,
Bracket Stage,Open Pro,Bracket A,P9: Semi-final,Single game,hotballers,minus aura,hotballers,1,0,,,,,,,,,Tyler Babin,Joshua Hachey,,,Nathan Robertt,Josh Hutko,,
Bracket Stage,Open Pro,Bracket A,Final,Best of 3,Extra,Kingdom Come,Extra,24,22,21,13,,,,,,,Emerson Dean,J√© Gagnon,,,Grant Klapwijk,Matthew Cole,,
Bracket Stage,Open Pro,Bracket A,P9: Final,Single game,Degenerates,hotballers,Degenerates,21,16,,,,,,,,,Thomas Hoffman,Jack coolbaugh,,,Tyler Babin,Joshua Hachey,,
Group Stage,Women's Contender,Group A,1,Single game,Pierson/Phan,Semi-Aquatic Mammals of Action,Pierson/Phan,21,19,,,,,,,,,Katheleen Phan,Katie Pierson,,,Joelle Nguyen,Jhanaj Quispe,,
Group Stage,Women's Contender,Group A,1,Single game,KickStart,THUS Parabatai,KickStart,25,24,,,,,,,,,Sarah Allen,Karah Hui,,,Kayla Wu,Kalin Morgan,,
Group Stage,Women's Contender,Group B,1,Single game,Dough Boys,kara & chloe,Dough Boys,21,10,,,,,,,,,Kirstie Savage,Camille Anderson,,,chloe degraff,kara klavins,,
Group Stage,Women's Contender,Group B,1,Single game,Berk/Gahley,WA-ID,Berk/Gahley,21,15,,,,,,,,,Nicol Gahley,Shaina Berk,,,Maia Aton,Lindy Westendorf,,
Group Stage,Women's Contender,Group C,1,Single game,Carry Set,The Tolpin Queens,Carry Set,21,5,,,,,,,,,Malia Wanderer,Abigale Lamontagne,,,Karaline Tolpin,Megan Tolpin,,
Group Stage,Women's Contender,Group C,1,Single game,Soft Serve,Heatwaves,Soft Serve,21,11,,,,,,,,,Perrin York,Kayla Ngai,,,Jessica Borgers,Becca Feller,,
Group Stage,Women's Contender,Group A,2,Single game,Pierson/Phan,THUS Parabatai,Pierson/Phan,21,18,,,,,,,,,Katheleen Phan,Katie Pierson,,,Kayla Wu,Kalin Morgan,,
Group Stage,Women's Contender,Group A,2,Single game,ellelowe sebmarine,Semi-Aquatic Mammals of Action,ellelowe sebmarine,21,18,,,,,,,,,Elle Lowe,Sebastiani Kim,,,Joelle Nguyen,Jhanaj Quispe,,
Group Stage,Women's Contender,Group B,2,Single game,Dough Boys,WA-ID,Dough Boys,21,6,,,,,,,,,Kirstie Savage,Camille Anderson,,,Maia Aton,Lindy Westendorf,,
Group Stage,Women's Contender,Group B,2,Single game,PEACHES,kara & chloe,PEACHES,21,10,,,,,,,,,Lourna Szabanos,Kailey Windsor,,,chloe degraff,kara klavins,,
Group Stage,Women's Contender,Group C,2,Single game,Carry Set,Heatwaves,Carry Set,21,5,,,,,,,,,Malia Wanderer,Abigale Lamontagne,,,Jessica Borgers,Becca Feller,,
Group Stage,Women's Contender,Group C,2,Single game,Musty and Traveler,The Tolpin Queens,Musty and Traveler,21,3,,,,,,,,,Abby Cham,Alex Veron,,,Karaline Tolpin,Megan Tolpin,,
Group Stage,Women's Contender,Group A,3,Single game,Pierson/Phan,ellelowe sebmarine,ellelowe sebmarine,14,21,,,,,,,,,Katheleen Phan,Katie Pierson,,,Elle Lowe,Sebastiani Kim,,
Group Stage,Women's Contender,Group A,3,Single game,KickStart,Semi-Aquatic Mammals of Action,KickStart,21,12,,,,,,,,,Sarah Allen,Karah Hui,,,Joelle Nguyen,Jhanaj Quispe,,
Group Stage,Women's Contender,Group B,3,Single game,Dough Boys,PEACHES,Dough Boys,21,9,,,,,,,,,Kirstie Savage,Camille Anderson,,,Lourna Szabanos,Kailey Windsor,,
Group Stage,Women's Contender,Group B,3,Single game,Berk/Gahley,kara & chloe,Berk/Gahley,21,15,,,,,,,,,Nicol Gahley,Shaina Berk,,,chloe degraff,kara klavins,,
Group Stage,Women's Contender,Group C,3,Single game,Carry Set,Musty and Traveler,Carry Set,21,15,,,,,,,,,Malia Wanderer,Abigale Lamontagne,,,Abby Cham,Alex Veron,,
Group Stage,Women's Contender,Group C,3,Single game,Soft Serve,The Tolpin Queens,Soft Serve,21,5,,,,,,,,,Perrin York,Kayla Ngai,,,Karaline Tolpin,Megan Tolpin,,
Group Stage,Women's Contender,Group A,4,Single game,KickStart,ellelowe sebmarine,KickStart,21,19,,,,,,,,,Sarah Allen,Karah Hui,,,Elle Lowe,Sebastiani Kim,,
Group Stage,Women's Contender,Group A,4,Single game,THUS Parabatai,Semi-Aquatic Mammals of Action,THUS Parabatai,21,12,,,,,,,,,Kayla Wu,Kalin Morgan,,,Joelle Nguyen,Jhanaj Quispe,,
Group Stage,Women's Contender,Group B,4,Single game,Berk/Gahley,PEACHES,Berk/Gahley,21,14,,,,,,,,,Nicol Gahley,Shaina Berk,,,Lourna Szabanos,Kailey Windsor,,
Group Stage,Women's Contender,Group B,4,Single game,WA-ID,kara & chloe,WA-ID,21,11,,,,,,,,,Maia Aton,Lindy Westendorf,,,chloe degraff,kara klavins,,
Group Stage,Women's Contender,Group C,4,Single game,Soft Serve,Musty and Traveler,Soft Serve,21,7,,,,,,,,,Perrin York,Kayla Ngai,,,Abby Cham,Alex Veron,,
Group Stage,Women's Contender,Group C,4,Single game,Heatwaves,The Tolpin Queens,Heatwaves,21,8,,,,,,,,,Jessica Borgers,Becca Feller,,,Karaline Tolpin,Megan Tolpin,,
Group Stage,Women's Contender,Group A,5,Single game,Pierson/Phan,KickStart,KickStart,18,21,,,,,,,,,Katheleen Phan,Katie Pierson,,,Sarah Allen,Karah Hui,,
Group Stage,Women's Contender,Group A,5,Single game,ellelowe sebmarine,THUS Parabatai,THUS Parabatai,16,21,,,,,,,,,Elle Lowe,Sebastiani Kim,,,Kayla Wu,Kalin Morgan,,
Group Stage,Women's Contender,Group B,5,Single game,Dough Boys,Berk/Gahley,Dough Boys,21,14,,,,,,,,,Kirstie Savage,Camille Anderson,,,Nicol Gahley,Shaina Berk,,
Group Stage,Women's Contender,Group B,5,Single game,PEACHES,WA-ID,PEACHES,21,18,,,,,,,,,Lourna Szabanos,Kailey Windsor,,,Maia Aton,Lindy Westendorf,,
Group Stage,Women's Contender,Group C,5,Single game,Carry Set,Soft Serve,Carry Set,21,12,,,,,,,,,Malia Wanderer,Abigale Lamontagne,,,Perrin York,Kayla Ngai,,
Group Stage,Women's Contender,Group C,5,Single game,Musty and Traveler,Heatwaves,Musty and Traveler,21,17,,,,,,,,,Abby Cham,Alex Veron,,,Jessica Borgers,Becca Feller,,
Bracket Stage,Women's Contender,Bracket A,Round of 16,Best of 3,THUS Parabatai,The Tolpin Queens,THUS Parabatai,1,0,1,0,,,,,,,Kayla Wu,Kalin Morgan,,,Karaline Tolpin,Megan Tolpin,,
Bracket Stage,Women's Contender,Bracket A,Round of 16,Best of 3,ellelowe sebmarine,kara & chloe,ellelowe sebmarine,21,14,21,11,,,,,,,Elle Lowe,Sebastiani Kim,,,chloe degraff,kara klavins,,
Bracket Stage,Women's Contender,Bracket A,Round of 16,Best of 3,Pierson/Phan,Heatwaves,Pierson/Phan,21,7,21,9,,,,,,,Katheleen Phan,Katie Pierson,,,Jessica Borgers,Becca Feller,,
Bracket Stage,Women's Contender,Bracket A,Round of 16,Best of 3,Semi-Aquatic Mammals of Action,WA-ID,Semi-Aquatic Mammals of Action,23,25,21,13,21,14,,,,,Joelle Nguyen,Jhanaj Quispe,,,Maia Aton,Lindy Westendorf,,
Bracket Stage,Women's Contender,Bracket A,Round of 16,Best of 3,Carry Set,PEACHES,Carry Set,21,10,21,12,,,,,,,Malia Wanderer,Abigale Lamontagne,,,Lourna Szabanos,Kailey Windsor,,
Bracket Stage,Women's Contender,Bracket A,Round of 16,Best of 3,Dough Boys,Musty and Traveler,Dough Boys,21,13,21,11,,,,,,,Kirstie Savage,Camille Anderson,,,Abby Cham,Alex Veron,,
Bracket Stage,Women's Contender,Bracket A,Round of 16,Best of 3,Soft Serve,Berk/Gahley,Soft Serve,17,21,21,18,25,23,,,,,Perrin York,Kayla Ngai,,,Nicol Gahley,Shaina Berk,,
Bracket Stage,Women's Contender,Bracket A,Quarter-final,Best of 3,KickStart,Soft Serve,KickStart,21,12,21,18,,,,,,,Sarah Allen,Karah Hui,,,Perrin York,Kayla Ngai,,
Bracket Stage,Women's Contender,Bracket A,Quarter-final,Best of 3,THUS Parabatai,Dough Boys,THUS Parabatai,21,14,21,19,,,,,,,Kayla Wu,Kalin Morgan,,,Kirstie Savage,Camille Anderson,,
Bracket Stage,Women's Contender,Bracket A,Quarter-final,Best of 3,ellelowe sebmarine,Carry Set,ellelowe sebmarine,21,18,21,19,,,,,,,Elle Lowe,Sebastiani Kim,,,Malia Wanderer,Abigale Lamontagne,,
Bracket Stage,Women's Contender,Bracket A,Quarter-final,Best of 3,Pierson/Phan,Semi-Aquatic Mammals of Action,Pierson/Phan,21,18,21,18,,,,,,,Katheleen Phan,Katie Pierson,,,Joelle Nguyen,Jhanaj Quispe,,
Bracket Stage,Women's Contender,Bracket A,P9: Quarter-final,Single game,WA-ID,Heatwaves,WA-ID,2,0,,,,,,,,,Maia Aton,Lindy Westendorf,,,Jessica Borgers,Becca Feller,,
Bracket Stage,Women's Contender,Bracket A,Semi-final,Best of 3,KickStart,Pierson/Phan,KickStart,21,18,21,18,,,,,,,Sarah Allen,Karah Hui,,,Katheleen Phan,Katie Pierson,,
Bracket Stage,Women's Contender,Bracket A,Semi-final,Best of 3,THUS Parabatai,ellelowe sebmarine,THUS Parabatai,21,16,17,21,21,18,,,,,Kayla Wu,Kalin Morgan,,,Elle Lowe,Sebastiani Kim,,
Bracket Stage,Women's Contender,Bracket A,P5: Semi-final,Single game,Carry Set,Dough Boys,Carry Set,2,1,,,,,,,,,Malia Wanderer,Abigale Lamontagne,,,Kirstie Savage,Camille Anderson,,
Bracket Stage,Women's Contender,Bracket A,P9: Semi-final,Single game,Berk/Gahley,WA-ID,Berk/Gahley,21,16,,,,,,,,,Nicol Gahley,Shaina Berk,,,Maia Aton,Lindy Westendorf,,
Bracket Stage,Women's Contender,Bracket A,Final,Best of 3,KickStart,THUS Parabatai,KickStart,16,21,21,17,21,17,,,,,Sarah Allen,Karah Hui,,,Kayla Wu,Kalin Morgan,,
Bracket Stage,Women's Contender,Bracket A,P3: Final,Best of 3,ellelowe sebmarine,Pierson/Phan,Pierson/Phan,14,21,24,22,16,21,,,,,Elle Lowe,Sebastiani Kim,,,Katheleen Phan,Katie Pierson,,
Group Stage,Open,Group A,1,Single game,S/C,Kyler/Chandler,S/C,21,16,,,,,,,,,Taylor Church,Matt Spolarich,,,Kyler Cote,Chandler Hertzler,,
Group Stage,Open,Group A,1,Single game,Kingdom Dumb,Hits on Two,Kingdom Dumb,21,15,,,,,,,,,Dallin James,Jason Small,,,Jackson Blackburn,Kyler Burton,,
Group Stage,Open,Group B,1,Single game,Mickey Mouse Club House,Utards,Mickey Mouse Club House,21,16,,,,,,,,,Josef Quispe,Joey Reynolds,,,Caleb Jarrett,Jake LeBaron,,
Group Stage,Open,Group B,1,Single game,Yo Gabba Gabba,Pocket Aces,Yo Gabba Gabba,21,17,,,,,,,,,Juan Moscoso,Derek Tang,,,Micah Allin,Garrett Ashton,,
Group Stage,Open,Group C,1,Single game,Clueless,Dollar Tree Roundnet,Dollar Tree Roundnet,22,24,,,,,,,,,Joey Maichen,Tyler Fernandez,,,Connor Larsen,Grant Gouger,,
Group Stage,Open,Group C,1,Single game,sleepy timeüí§üí§,TheGOATGene,sleepy timeüí§üí§,21,11,,,,,,,,,Bradley Clark,Izayah Gibson,,,Wesley Tunelius,Brian Lin,,
Group Stage,Open,Group D,1,Single game,Disordered,The Lopes,Disordered,21,10,,,,,,,,,Andrew Greer,Solomon Berry,,,Nathan Paauw,Adam Prudhomme,,
Group Stage,Open,Group D,1,Single game,Amnesia,Eureka,Amnesia,21,15,,,,,,,,,Garrett Carver,Tyler Stokes,,,Nathan Montgomery,Wyatt Semke,,
Group Stage,Open,Group E,1,Single game,Your Bad,Trust us,Your Bad,21,19,,,,,,,,,Trevor Barbosa,Andrew Kosche,,,Kelly O‚ÄôConnor,Cody Brower,,
Group Stage,Open,Group E,1,Single game,Arrow Down,Quick Coachesüèê,Quick Coachesüèê,18,21,,,,,,,,,Noah Johnson,Alec Galbo,,,Mike Hamilton,Felipe Larroza,,
Group Stage,Open,Group F,1,Single game,Pooin and Gooin,Y-Z,Pooin and Gooin,21,10,,,,,,,,,Tim Lacagnina,Nick Evanko,,,Trevor Zaleski,Bryce Young,,
Group Stage,Open,Group F,1,Single game,BorderLine,GNC,BorderLine,21,17,,,,,,,,,Kaleb Wagner,Trey Thompson,,,Konnor Cordingley,Daniel Green,,
Group Stage,Open,Group F,1,Single game,Dinomite,ChaRizzma,ChaRizzma,19,21,,,,,,,,,Charlie Camarena,Auriel Wish,,,Jack Hart,curtis lawrence,,
Group Stage,Open,Group A,2,Single game,S/C,Hits on Two,S/C,21,12,,,,,,,,,Taylor Church,Matt Spolarich,,,Jackson Blackburn,Kyler Burton,,
Group Stage,Open,Group A,2,Single game,American Spikers,Kyler/Chandler,Kyler/Chandler,11,21,,,,,,,,,Alex Hart (ASL),Jake Martha,,,Kyler Cote,Chandler Hertzler,,
Group Stage,Open,Group B,2,Single game,Mickey Mouse Club House,Pocket Aces,Pocket Aces,13,21,,,,,,,,,Josef Quispe,Joey Reynolds,,,Micah Allin,Garrett Ashton,,
Group Stage,Open,Group B,2,Single game,we'll see,Utards,we'll see,21,17,,,,,,,,,Levi Rogers,Grant Marshall,,,Caleb Jarrett,Jake LeBaron,,
Group Stage,Open,Group C,2,Single game,Clueless,TheGOATGene,Clueless,21,11,,,,,,,,,Joey Maichen,Tyler Fernandez,,,Wesley Tunelius,Brian Lin,,
Group Stage,Open,Group C,2,Single game,Lanky,Dollar Tree Roundnet,Dollar Tree Roundnet,16,21,,,,,,,,,James Lamkin,Jackson Gordon,,,Connor Larsen,Grant Gouger,,
Group Stage,Open,Group D,2,Single game,Disordered,Eureka,Disordered,21,13,,,,,,,,,Andrew Greer,Solomon Berry,,,Nathan Montgomery,Wyatt Semke,,
Group Stage,Open,Group D,2,Single game,CARL Premium Crackers,The Lopes,CARL Premium Crackers,21,16,,,,,,,,,Rafi Moldovsky,Cory Chilton,,,Nathan Paauw,Adam Prudhomme,,
Group Stage,Open,Group E,2,Single game,Your Bad,Quick Coachesüèê,Your Bad,21,14,,,,,,,,,Trevor Barbosa,Andrew Kosche,,,Mike Hamilton,Felipe Larroza,,
Group Stage,Open,Group E,2,Single game,Delulu,Trust us,Delulu,21,15,,,,,,,,,Joey Carmichael,Zack Duffy,,,Kelly O‚ÄôConnor,Cody Brower,,
Group Stage,Open,Group F,2,Single game,Pooin and Gooin,GNC,Pooin and Gooin,21,14,,,,,,,,,Tim Lacagnina,Nick Evanko,,,Konnor Cordingley,Daniel Green,,
Group Stage,Open,Group F,2,Single game,BorderLine,Dinomite,BorderLine,23,21,,,,,,,,,Kaleb Wagner,Trey Thompson,,,Charlie Camarena,Auriel Wish,,
Group Stage,Open,Group F,2,Single game,ChaRizzma,Y-Z,ChaRizzma,21,15,,,,,,,,,Jack Hart,curtis lawrence,,,Trevor Zaleski,Bryce Young,,
Group Stage,Open,Group A,3,Single game,S/C,American Spikers,S/C,21,16,,,,,,,,,Taylor Church,Matt Spolarich,,,Alex Hart (ASL),Jake Martha,,
Group Stage,Open,Group A,3,Single game,Kingdom Dumb,Kyler/Chandler,Kyler/Chandler,8,21,,,,,,,,,Dallin James,Jason Small,,,Kyler Cote,Chandler Hertzler,,
Group Stage,Open,Group B,3,Single game,Mickey Mouse Club House,we'll see,Mickey Mouse Club House,21,18,,,,,,,,,Josef Quispe,Joey Reynolds,,,Levi Rogers,Grant Marshall,,
Group Stage,Open,Group B,3,Single game,Yo Gabba Gabba,Utards,Utards,14,21,,,,,,,,,Juan Moscoso,Derek Tang,,,Caleb Jarrett,Jake LeBaron,,
Group Stage,Open,Group C,3,Single game,Clueless,Lanky,Clueless,21,7,,,,,,,,,Joey Maichen,Tyler Fernandez,,,James Lamkin,Jackson Gordon,,
Group Stage,Open,Group C,3,Single game,sleepy timeüí§üí§,Dollar Tree Roundnet,Dollar Tree Roundnet,15,21,,,,,,,,,Bradley Clark,Izayah Gibson,,,Connor Larsen,Grant Gouger,,
Group Stage,Open,Group D,3,Single game,Disordered,CARL Premium Crackers,Disordered,21,16,,,,,,,,,Andrew Greer,Solomon Berry,,,Rafi Moldovsky,Cory Chilton,,
Group Stage,Open,Group D,3,Single game,Amnesia,The Lopes,Amnesia,21,17,,,,,,,,,Garrett Carver,Tyler Stokes,,,Nathan Paauw,Adam Prudhomme,,
Group Stage,Open,Group E,3,Single game,Your Bad,Delulu,Your Bad,22,20,,,,,,,,,Trevor Barbosa,Andrew Kosche,,,Joey Carmichael,Zack Duffy,,
Group Stage,Open,Group E,3,Single game,Arrow Down,Trust us,Trust us,17,21,,,,,,,,,Noah Johnson,Alec Galbo,,,Kelly O‚ÄôConnor,Cody Brower,,
Group Stage,Open,Group F,3,Single game,Pooin and Gooin,ChaRizzma,Pooin and Gooin,21,15,,,,,,,,,Tim Lacagnina,Nick Evanko,,,Jack Hart,curtis lawrence,,
Group Stage,Open,Group F,3,Single game,BorderLine,Y-Z,Y-Z,18,21,,,,,,,,,Kaleb Wagner,Trey Thompson,,,Trevor Zaleski,Bryce Young,,
Group Stage,Open,Group F,3,Single game,Dinomite,GNC,Dinomite,21,18,,,,,,,,,Charlie Camarena,Auriel Wish,,,Konnor Cordingley,Daniel Green,,
Group Stage,Open,Group A,4,Single game,Kingdom Dumb,American Spikers,American Spikers,16,21,,,,,,,,,Dallin James,Jason Small,,,Alex Hart (ASL),Jake Martha,,
Group Stage,Open,Group A,4,Single game,Hits on Two,Kyler/Chandler,Kyler/Chandler,14,21,,,,,,,,,Jackson Blackburn,Kyler Burton,,,Kyler Cote,Chandler Hertzler,,
Group Stage,Open,Group B,4,Single game,Yo Gabba Gabba,we'll see,we'll see,9,21,,,,,,,,,Juan Moscoso,Derek Tang,,,Levi Rogers,Grant Marshall,,
Group Stage,Open,Group B,4,Single game,Pocket Aces,Utards,Pocket Aces,21,15,,,,,,,,,Micah Allin,Garrett Ashton,,,Caleb Jarrett,Jake LeBaron,,
Group Stage,Open,Group C,4,Single game,sleepy timeüí§üí§,Lanky,sleepy timeüí§üí§,21,13,,,,,,,,,Bradley Clark,Izayah Gibson,,,James Lamkin,Jackson Gordon,,
Group Stage,Open,Group C,4,Single game,TheGOATGene,Dollar Tree Roundnet,Dollar Tree Roundnet,13,21,,,,,,,,,Wesley Tunelius,Brian Lin,,,Connor Larsen,Grant Gouger,,
Group Stage,Open,Group D,4,Single game,Amnesia,CARL Premium Crackers,Amnesia,21,19,,,,,,,,,Garrett Carver,Tyler Stokes,,,Rafi Moldovsky,Cory Chilton,,
Group Stage,Open,Group D,4,Single game,Eureka,The Lopes,Eureka,21,18,,,,,,,,,Nathan Montgomery,Wyatt Semke,,,Nathan Paauw,Adam Prudhomme,,
Group Stage,Open,Group E,4,Single game,Arrow Down,Delulu,Delulu,16,21,,,,,,,,,Noah Johnson,Alec Galbo,,,Joey Carmichael,Zack Duffy,,
Group Stage,Open,Group E,4,Single game,Quick Coachesüèê,Trust us,Quick Coachesüèê,21,15,,,,,,,,,Mike Hamilton,Felipe Larroza,,,Kelly O‚ÄôConnor,Cody Brower,,
Group Stage,Open,Group F,4,Single game,Pooin and Gooin,Dinomite,Pooin and Gooin,21,18,,,,,,,,,Tim Lacagnina,Nick Evanko,,,Charlie Camarena,Auriel Wish,,
Group Stage,Open,Group F,4,Single game,BorderLine,ChaRizzma,ChaRizzma,17,21,,,,,,,,,Kaleb Wagner,Trey Thompson,,,Jack Hart,curtis lawrence,,
Group Stage,Open,Group F,4,Single game,GNC,Y-Z,Y-Z,19,21,,,,,,,,,Konnor Cordingley,Daniel Green,,,Trevor Zaleski,Bryce Young,,
Group Stage,Open,Group A,5,Single game,S/C,Kingdom Dumb,S/C,21,9,,,,,,,,,Taylor Church,Matt Spolarich,,,Dallin James,Jason Small,,
Group Stage,Open,Group A,5,Single game,American Spikers,Hits on Two,Hits on Two,19,21,,,,,,,,,Alex Hart (ASL),Jake Martha,,,Jackson Blackburn,Kyler Burton,,
Group Stage,Open,Group B,5,Single game,Mickey Mouse Club House,Yo Gabba Gabba,Mickey Mouse Club House,21,16,,,,,,,,,Josef Quispe,Joey Reynolds,,,Juan Moscoso,Derek Tang,,
Group Stage,Open,Group B,5,Single game,we'll see,Pocket Aces,we'll see,21,14,,,,,,,,,Levi Rogers,Grant Marshall,,,Micah Allin,Garrett Ashton,,
Group Stage,Open,Group C,5,Single game,Clueless,sleepy timeüí§üí§,Clueless,21,14,,,,,,,,,Joey Maichen,Tyler Fernandez,,,Bradley Clark,Izayah Gibson,,
Group Stage,Open,Group C,5,Single game,Lanky,TheGOATGene,Lanky,21,9,,,,,,,,,James Lamkin,Jackson Gordon,,,Wesley Tunelius,Brian Lin,,
Group Stage,Open,Group D,5,Single game,Disordered,Amnesia,Amnesia,16,21,,,,,,,,,Andrew Greer,Solomon Berry,,,Garrett Carver,Tyler Stokes,,
Group Stage,Open,Group D,5,Single game,CARL Premium Crackers,Eureka,CARL Premium Crackers,21,14,,,,,,,,,Rafi Moldovsky,Cory Chilton,,,Nathan Montgomery,Wyatt Semke,,
Group Stage,Open,Group E,5,Single game,Your Bad,Arrow Down,Your Bad,22,20,,,,,,,,,Trevor Barbosa,Andrew Kosche,,,Noah Johnson,Alec Galbo,,
Group Stage,Open,Group E,5,Single game,Delulu,Quick Coachesüèê,Delulu,21,18,,,,,,,,,Joey Carmichael,Zack Duffy,,,Mike Hamilton,Felipe Larroza,,
Group Stage,Open,Group F,5,Single game,Pooin and Gooin,BorderLine,Pooin and Gooin,21,19,,,,,,,,,Tim Lacagnina,Nick Evanko,,,Kaleb Wagner,Trey Thompson,,
Group Stage,Open,Group F,5,Single game,Dinomite,Y-Z,Dinomite,21,18,,,,,,,,,Charlie Camarena,Auriel Wish,,,Trevor Zaleski,Bryce Young,,
Group Stage,Open,Group F,5,Single game,ChaRizzma,GNC,ChaRizzma,22,20,,,,,,,,,Jack Hart,curtis lawrence,,,Konnor Cordingley,Daniel Green,,
Bracket Stage,Open,Bracket A,Round of 32,Best of 3,Pooin and Gooin,GNC,Pooin and Gooin,21,16,21,16,,,,,,,Tim Lacagnina,Nick Evanko,,,Konnor Cordingley,Daniel Green,,
Bracket Stage,Open,Bracket A,Round of 32,Best of 3,Dollar Tree Roundnet,TheGOATGene,Dollar Tree Roundnet,21,15,21,16,,,,,,,Connor Larsen,Grant Gouger,,,Wesley Tunelius,Brian Lin,,
Bracket Stage,Open,Bracket A,Round of 32,Best of 3,Amnesia,The Lopes,Amnesia,21,10,21,13,,,,,,,Garrett Carver,Tyler Stokes,,,Nathan Paauw,Adam Prudhomme,,
Bracket Stage,Open,Bracket A,Round of 32,Best of 3,Your Bad,Arrow Down,Your Bad,21,17,21,18,,,,,,,Trevor Barbosa,Andrew Kosche,,,Noah Johnson,Alec Galbo,,
Bracket Stage,Open,Bracket A,Round of 32,Best of 3,Clueless,Hits on Two,Clueless,19,21,21,12,21,17,,,,,Joey Maichen,Tyler Fernandez,,,Jackson Blackburn,Kyler Burton,,
Bracket Stage,Open,Bracket A,Round of 32,Best of 3,Kyler/Chandler,Kingdom Dumb,Kyler/Chandler,21,19,21,19,,,,,,,Kyler Cote,Chandler Hertzler,,,Dallin James,Jason Small,,
Bracket Stage,Open,Bracket A,Round of 32,Best of 3,we'll see,Yo Gabba Gabba,we'll see,17,21,21,16,21,14,,,,,Levi Rogers,Grant Marshall,,,Juan Moscoso,Derek Tang,,
Bracket Stage,Open,Bracket A,Round of 32,Best of 3,Disordered,Eureka,Disordered,21,16,21,9,,,,,,,Andrew Greer,Solomon Berry,,,Nathan Montgomery,Wyatt Semke,,
Bracket Stage,Open,Bracket A,Round of 32,Best of 3,Delulu,Lanky,Lanky,21,17,16,21,19,21,,,,,Joey Carmichael,Zack Duffy,,,James Lamkin,Jackson Gordon,,
Bracket Stage,Open,Bracket A,Round of 32,Best of 3,ChaRizzma,Y-Z,ChaRizzma,21,9,15,21,21,18,,,,,Jack Hart,curtis lawrence,,,Trevor Zaleski,Bryce Young,,
Bracket Stage,Open,Bracket A,Round of 32,Best of 3,Mickey Mouse Club House,American Spikers,Mickey Mouse Club House,22,20,21,16,,,,,,,Josef Quispe,Joey Reynolds,,,Alex Hart (ASL),Jake Martha,,
Bracket Stage,Open,Bracket A,Round of 32,Best of 3,sleepy timeüí§üí§,Trust us,Trust us,21,19,22,24,20,22,,,,,Bradley Clark,Izayah Gibson,,,Kelly O‚ÄôConnor,Cody Brower,,
Bracket Stage,Open,Bracket A,Round of 32,Best of 3,CARL Premium Crackers,Utards,Utards,14,21,15,21,,,,,,,Rafi Moldovsky,Cory Chilton,,,Caleb Jarrett,Jake LeBaron,,
Bracket Stage,Open,Bracket A,Round of 32,Best of 3,Pocket Aces,Dinomite,Dinomite,18,21,21,16,18,21,,,,,Micah Allin,Garrett Ashton,,,Charlie Camarena,Auriel Wish,,
Bracket Stage,Open,Bracket A,Round of 32,Best of 3,Quick Coachesüèê,BorderLine,BorderLine,10,21,11,21,,,,,,,Mike Hamilton,Felipe Larroza,,,Kaleb Wagner,Trey Thompson,,
Bracket Stage,Open,Bracket A,Round of 16,Best of 3,S/C,BorderLine,S/C,21,18,21,18,,,,,,,Taylor Church,Matt Spolarich,,,Kaleb Wagner,Trey Thompson,,
Bracket Stage,Open,Bracket A,Round of 16,Best of 3,Pooin and Gooin,Dinomite,Dinomite,17,21,21,18,21,23,,,,,Tim Lacagnina,Nick Evanko,,,Charlie Camarena,Auriel Wish,,
Bracket Stage,Open,Bracket A,Round of 16,Best of 3,Dollar Tree Roundnet,Utards,Dollar Tree Roundnet,15,21,22,20,21,19,,,,,Connor Larsen,Grant Gouger,,,Caleb Jarrett,Jake LeBaron,,
Bracket Stage,Open,Bracket A,Round of 16,Best of 3,Amnesia,Trust us,Amnesia,21,12,21,17,,,,,,,Garrett Carver,Tyler Stokes,,,Kelly O‚ÄôConnor,Cody Brower,,
Bracket Stage,Open,Bracket A,Round of 16,Best of 3,Your Bad,Mickey Mouse Club House,Your Bad,25,23,21,18,,,,,,,Trevor Barbosa,Andrew Kosche,,,Josef Quispe,Joey Reynolds,,
Bracket Stage,Open,Bracket A,Round of 16,Best of 3,Clueless,ChaRizzma,Clueless,21,15,24,22,,,,,,,Joey Maichen,Tyler Fernandez,,,Jack Hart,curtis lawrence,,
Bracket Stage,Open,Bracket A,Round of 16,Best of 3,Kyler/Chandler,Lanky,Kyler/Chandler,21,18,21,12,,,,,,,Kyler Cote,Chandler Hertzler,,,James Lamkin,Jackson Gordon,,
Bracket Stage,Open,Bracket A,Round of 16,Best of 3,we'll see,Disordered,we'll see,21,19,14,21,21,17,,,,,Levi Rogers,Grant Marshall,,,Andrew Greer,Solomon Berry,,
Bracket Stage,Open,Bracket A,P17: Round of 16,Single game,Pocket Aces,GNC,Pocket Aces,2421,2216,,,,,,,,,Micah Allin,Garrett Ashton,,,Konnor Cordingley,Daniel Green,,
Bracket Stage,Open,Bracket A,P17: Round of 16,Single game,sleepy timeüí§üí§,The Lopes,The Lopes,0,1,,,,,,,,,Bradley Clark,Izayah Gibson,,,Nathan Paauw,Adam Prudhomme,,
Bracket Stage,Open,Bracket A,P17: Round of 16,Single game,American Spikers,Arrow Down,American Spikers,2,1,,,,,,,,,Alex Hart (ASL),Jake Martha,,,Noah Johnson,Alec Galbo,,
Bracket Stage,Open,Bracket A,P17: Round of 16,Single game,Y-Z,Hits on Two,Y-Z,21,19,,,,,,,,,Trevor Zaleski,Bryce Young,,,Jackson Blackburn,Kyler Burton,,
Bracket Stage,Open,Bracket A,P17: Round of 16,Single game,Delulu,Kingdom Dumb,Kingdom Dumb,18,21,,,,,,,,,Joey Carmichael,Zack Duffy,,,Dallin James,Jason Small,,
Bracket Stage,Open,Bracket A,P17: Round of 16,Single game,Eureka,Yo Gabba Gabba,Yo Gabba Gabba,0,2,,,,,,,,,Nathan Montgomery,Wyatt Semke,,,Juan Moscoso,Derek Tang,,
Bracket Stage,Open,Bracket A,Quarter-final,Best of 3,S/C,we'll see,S/C,21,18,21,16,,,,,,,Taylor Church,Matt Spolarich,,,Levi Rogers,Grant Marshall,,
Bracket Stage,Open,Bracket A,Quarter-final,Best of 3,Dinomite,Kyler/Chandler,Dinomite,21,19,34,36,21,14,,,,,Charlie Camarena,Auriel Wish,,,Kyler Cote,Chandler Hertzler,,
Bracket Stage,Open,Bracket A,Quarter-final,Best of 3,Dollar Tree Roundnet,Clueless,Clueless,15,21,15,21,,,,,,,Connor Larsen,Grant Gouger,,,Joey Maichen,Tyler Fernandez,,
Bracket Stage,Open,Bracket A,Quarter-final,Best of 3,Amnesia,Your Bad,Amnesia,16,21,21,16,47,45,,,,,Garrett Carver,Tyler Stokes,,,Trevor Barbosa,Andrew Kosche,,
Bracket Stage,Open,Bracket A,P9: Quarter-final,Single game,ChaRizzma,Utards,Utards,15,21,,,,,,,,,Jack Hart,curtis lawrence,,,Caleb Jarrett,Jake LeBaron,,
Bracket Stage,Open,Bracket A,P9: Quarter-final,Single game,Mickey Mouse Club House,Trust us,Mickey Mouse Club House,21,19,,,,,,,,,Josef Quispe,Joey Reynolds,,,Kelly O‚ÄôConnor,Cody Brower,,
Bracket Stage,Open,Bracket A,P17: Quarter-final,Single game,Quick Coachesüèê,Yo Gabba Gabba,Yo Gabba Gabba,0,2,,,,,,,,,Mike Hamilton,Felipe Larroza,,,Juan Moscoso,Derek Tang,,
Bracket Stage,Open,Bracket A,P17: Quarter-final,Single game,Pocket Aces,Kingdom Dumb,Pocket Aces,21,15,,,,,,,,,Micah Allin,Garrett Ashton,,,Dallin James,Jason Small,,
Bracket Stage,Open,Bracket A,P17: Quarter-final,Single game,TheGOATGene,Y-Z,Y-Z,13,21,,,,,,,,,Wesley Tunelius,Brian Lin,,,Trevor Zaleski,Bryce Young,,
Bracket Stage,Open,Bracket A,P17: Quarter-final,Single game,The Lopes,American Spikers,The Lopes,21,18,,,,,,,,,Nathan Paauw,Adam Prudhomme,,,Alex Hart (ASL),Jake Martha,,
Bracket Stage,Open,Bracket A,P25: Quarter-final,Single game,Delulu,GNC,Delulu,21,15,,,,,,,,,Joey Carmichael,Zack Duffy,,,Konnor Cordingley,Daniel Green,,
Bracket Stage,Open,Bracket A,P25: Quarter-final,Single game,Hits on Two,CARL Premium Crackers,Hits on Two,1,0,,,,,,,,,Jackson Blackburn,Kyler Burton,,,Rafi Moldovsky,Cory Chilton,,
Bracket Stage,Open,Bracket A,Semi-final,Best of 3,S/C,Amnesia,S/C,18,21,21,16,25,23,,,,,Taylor Church,Matt Spolarich,,,Garrett Carver,Tyler Stokes,,
Bracket Stage,Open,Bracket A,Semi-final,Best of 3,Dinomite,Clueless,Clueless,17,21,23,25,,,,,,,Charlie Camarena,Auriel Wish,,,Joey Maichen,Tyler Fernandez,,
Bracket Stage,Open,Bracket A,P9: Semi-final,Single game,Disordered,Mickey Mouse Club House,Disordered,21,15,,,,,,,,,Andrew Greer,Solomon Berry,,,Josef Quispe,Joey Reynolds,,
Bracket Stage,Open,Bracket A,P17: Semi-final,Single game,Yo Gabba Gabba,The Lopes,Yo Gabba Gabba,21,16,,,,,,,,,Juan Moscoso,Derek Tang,,,Nathan Paauw,Adam Prudhomme,,
Bracket Stage,Open,Bracket A,P17: Semi-final,Single game,Pocket Aces,Y-Z,Y-Z,19,21,,,,,,,,,Micah Allin,Garrett Ashton,,,Trevor Zaleski,Bryce Young,,
Bracket Stage,Open,Bracket A,Final,Best of 3,S/C,Clueless,Clueless,21,17,16,21,18,21,,,,,Taylor Church,Matt Spolarich,,,Joey Maichen,Tyler Fernandez,,
Bracket Stage,Open,Bracket A,P3: Final,Best of 3,Dinomite,Amnesia,Dinomite,26,28,0,-1,0,-1,,,,,Charlie Camarena,Auriel Wish,,,Garrett Carver,Tyler Stokes,,
Bracket Stage,Open,Bracket A,P17: Final,Single game,Yo Gabba Gabba,Y-Z,Yo Gabba Gabba,21,15,,,,,,,,,Juan Moscoso,Derek Tang,,,Trevor Zaleski,Bryce Young,,
