Stage,Division,Group/Bracket,Round,Match format,Team A,Team B,Winning team,Game 1 - Score team A,Game 1 - Score team B,Game 2 - Score team A,Game 2 - Score team B,Game 3 - Score team A,Game 3 - Score team B,Game 4 - Score team A,Game 4 - Score team B,Game 5 - Score team A,Game 5 - Score team B,Team A - Player 1,Team A - Player 2,Team A - Player 3,Team A - Player 4,Team A - Player 5,Team A - Player 6,Team A - Player 7,Team A - Player 8,Team A - Player 9,Team A - Player 10,Team A - Player 11,Team A - Player 12,Team A - Player 13,Team A - Player 14,Team B - Player 1,Team B - Player 2,Team B - Player 3,Team B - Player 4,Team B - Player 5,Team B - Player 6,Team B - Player 7,Team B - Player 8,Team B - Player 9,Team B - Player 10,Team B - Player 11,Team B - Player 12,Team B - Player 13,Team B - Player 14
Gold Bracket,Men's Individual,Bracket A (101 - 104),Quarter-final,Best of 3,USA - Picone/Nelson,CAN - Dean/Mathieu,CAN - Dean/Mathieu,21,15,18,21,23,25,,,,,Will Picone,Connor Nelson,,,,,,,,,,,,,Emerson Dean,Vincent Mathieu,,,,,,,,,,,,
Gold Bracket,Men's Individual,Bracket A (101 - 104),Quarter-final,Best of 3,USA - Bondi/Finocchi,CAN - Gagnon/Leung,USA - Bondi/Finocchi,21,19,26,24,,,,,,,Gabriel Finocchi,Joe Bondi,Gabriel Finocchi,PJ Showalter,,,,,,,,,,,Eddy Leung,Jé Gagnon,,,,,,,,,,,,
Gold Bracket,Men's Individual,Bracket A (101 - 104),Quarter-final,Best of 3,CAN - Bosak/Cote,USA - Cole/Klapwijk,CAN - Bosak/Cote,25,27,21,14,21,11,,,,,Blake Bosak,Etienne Cote,,,,,,,,,,,,,Matthew Cole,Grant Klapwijk,,,,,,,,,,,,
Gold Bracket,Men's Individual,Bracket A (101 - 104),Quarter-final,Best of 3,USA - Hamilton/Marino,GER - Eisenträger/Siemer,GER - Eisenträger/Siemer,10,21,15,21,,,,,,,Ryan Marino,Thomas Hamilton,,,,,,,,,,,,,Paul Siemer,Eisenträger Lukas,,,,,,,,,,,,
Gold Bracket,Men's Individual,Bracket A (101 - 104),Semi-final,Best of 3,CAN - Dean/Mathieu,GER - Eisenträger/Siemer,GER - Eisenträger/Siemer,23,25,23,21,16,21,,,,,Emerson Dean,Vincent Mathieu,,,,,,,,,,,,,Paul Siemer,Eisenträger Lukas,,,,,,,,,,,,
Gold Bracket,Men's Individual,Bracket A (101 - 104),Semi-final,Best of 3,USA - Bondi/Finocchi,CAN - Bosak/Cote,CAN - Bosak/Cote,20,22,21,16,12,21,,,,,Gabriel Finocchi,Joe Bondi,Gabriel Finocchi,PJ Showalter,,,,,,,,,,,Blake Bosak,Etienne Cote,,,,,,,,,,,,
Gold Bracket,Men's Individual,Bracket A (101 - 104),Final,Best of 3,GER - Eisenträger/Siemer,CAN - Bosak/Cote,GER - Eisenträger/Siemer,14,21,21,17,21,16,,,,,Paul Siemer,Eisenträger Lukas,,,,,,,,,,,,,Blake Bosak,Etienne Cote,,,,,,,,,,,,
Gold Bracket,Men's Individual,Bracket A (101 - 104),P3: Final,Best of 3,USA - Bondi/Finocchi,CAN - Dean/Mathieu,USA - Bondi/Finocchi,21,18,21,18,,,,,,,Gabriel Finocchi,Joe Bondi,Gabriel Finocchi,PJ Showalter,,,,,,,,,,,Emerson Dean,Vincent Mathieu,,,,,,,,,,,,
Gold Bracket,Men's Individual,Bracket B (105 - 108),Quarter-final,Best of 3,ITA - Bazzani/Borsotti,SUI - Bürki/Eigenmann,ITA - Bazzani/Borsotti,15,11,15,12,,,,,,,Nicola Bazzani,Andrea Borsotti,,,,,,,,,,,,,Jonas Eigenmann,Luc Bürki,,,,,,,,,,,,
Gold Bracket,Men's Individual,Bracket B (105 - 108),Quarter-final,Best of 3,GER - Christiani/Krehle,FRA - Caux-Ramon/Lacombe,FRA - Caux-Ramon/Lacombe,0,1,0,1,,,,,,,Julian Krehle,Lucas Christiani,,,,,,,,,,,,,Samy Caux-Ramon,Hugo Lacombe,,,,,,,,,,,,
Gold Bracket,Men's Individual,Bracket B (105 - 108),Quarter-final,Best of 3,BEL - Vandaele/Poel,CAN - Déry/Kim,CAN - Déry/Kim,12,15,15,17,,,,,,,Florian Poel,Levi Vandaele,,,,,,,,,,,,,Elijah Kim,Thomas Déry,,,,,,,,,,,,
Gold Bracket,Men's Individual,Bracket B (105 - 108),Quarter-final,Best of 3,FRA - Améziane/Mareschal,GER - Grönebaum/Prüfer,GER - Grönebaum/Prüfer,12,15,12,15,,,,,,,Dorian Améziane,Louis Mareschal,,,,,,,,,,,,,Rasmus Prüfer,Emil Grönebaum,,,,,,,,,,,,
Gold Bracket,Men's Individual,Bracket B (105 - 108),Semi-final,Best of 3,ITA - Bazzani/Borsotti,GER - Grönebaum/Prüfer,GER - Grönebaum/Prüfer,9,15,12,15,,,,,,,Nicola Bazzani,Andrea Borsotti,,,,,,,,,,,,,Rasmus Prüfer,Emil Grönebaum,,,,,,,,,,,,
Gold Bracket,Men's Individual,Bracket B (105 - 108),Semi-final,Best of 3,FRA - Caux-Ramon/Lacombe,CAN - Déry/Kim,CAN - Déry/Kim,8,15,15,12,9,15,,,,,Samy Caux-Ramon,Hugo Lacombe,,,,,,,,,,,,,Elijah Kim,Thomas Déry,,,,,,,,,,,,
Gold Bracket,Men's Individual,Bracket B (105 - 108),P5: Semi-final,Best of 3,FRA - Améziane/Mareschal,SUI - Bürki/Eigenmann,SUI - Bürki/Eigenmann,0,1,0,1,,,,,,,Dorian Améziane,Louis Mareschal,,,,,,,,,,,,,Jonas Eigenmann,Luc Bürki,,,,,,,,,,,,
Gold Bracket,Men's Individual,Bracket B (105 - 108),P5: Semi-final,Best of 3,BEL - Vandaele/Poel,GER - Christiani/Krehle,GER - Christiani/Krehle,0,1,0,1,,,,,,,Florian Poel,Levi Vandaele,,,,,,,,,,,,,Julian Krehle,Lucas Christiani,,,,,,,,,,,,
Gold Bracket,Men's Individual,Bracket B (105 - 108),Final,Best of 3,GER - Grönebaum/Prüfer,CAN - Déry/Kim,GER - Grönebaum/Prüfer,15,13,15,13,,,,,,,Rasmus Prüfer,Emil Grönebaum,,,,,,,,,,,,,Elijah Kim,Thomas Déry,,,,,,,,,,,,
Gold Bracket,Men's Individual,Bracket B (105 - 108),P3: Final,Best of 3,FRA - Caux-Ramon/Lacombe,ITA - Bazzani/Borsotti,ITA - Bazzani/Borsotti,0,1,0,1,,,,,,,Samy Caux-Ramon,Hugo Lacombe,,,,,,,,,,,,,Nicola Bazzani,Andrea Borsotti,,,,,,,,,,,,
Gold Bracket,Men's Individual,Bracket B (105 - 108),P5: Final,Best of 3,SUI - Bürki/Eigenmann,GER - Christiani/Krehle,GER - Christiani/Krehle,0,1,0,1,,,,,,,Jonas Eigenmann,Luc Bürki,,,,,,,,,,,,,Julian Krehle,Lucas Christiani,,,,,,,,,,,,
Gold Bracket,Men's Individual,Bracket B (105 - 108),P7: Final,Best of 3,BEL - Vandaele/Poel,FRA - Améziane/Mareschal,FRA - Améziane/Mareschal,0,1,0,1,,,,,,,Florian Poel,Levi Vandaele,,,,,,,,,,,,,Dorian Améziane,Louis Mareschal,,,,,,,,,,,,
Gold Bracket,Men's Individual,Bracket C (109 - 112),Quarter-final,Best of 3,DEN - Christensen/Søvndal,AUT - Handschmann/Jindra,AUT - Handschmann/Jindra,15,12,12,15,11,15,,,,,Kasper Søvndal,Andreas Christensen,,,,,,,,,,,,,Stefan Handschmann,David Jindra,,,,,,,,,,,,
Gold Bracket,Men's Individual,Bracket C (109 - 112),Quarter-final,Best of 3,AUS - Kaldor/Read,FRA - Danekas/Hemelryck,AUS - Kaldor/Read,19,17,15,12,,,,,,,Thomas Kaldor,Joel Read,,,,,,,,,,,,,Théo Vanh Hemelryck,Ryan DANEKAS,Théo Vanh Hemelryck,,,,,,,,,,,
Gold Bracket,Men's Individual,Bracket C (109 - 112),Quarter-final,Best of 3,FRA - Clark/Florinda,ITA - Dudine/Zanellato,ITA - Dudine/Zanellato,0,1,0,1,,,,,,,Auxence Clark,Robin Florinda,,,,,,,,,,,,,Jacopo Dudine,Alessandro Zanellato,,,,,,,,,,,,
Gold Bracket,Men's Individual,Bracket C (109 - 112),Semi-final,Best of 3,AUT - Handschmann/Jindra,ITA - Dudine/Zanellato,AUT - Handschmann/Jindra,1,0,1,0,,,,,,,Stefan Handschmann,David Jindra,,,,,,,,,,,,,Jacopo Dudine,Alessandro Zanellato,,,,,,,,,,,,
Gold Bracket,Men's Individual,Bracket C (109 - 112),Semi-final,Best of 3,AUS - Kaldor/Read,GBR - Rowlands/Hutko,GBR - Rowlands/Hutko,13,15,16,18,,,,,,,Thomas Kaldor,Joel Read,,,,,,,,,,,,,Josh Hutko,David Rowlands,,,,,,,,,,,,
Gold Bracket,Men's Individual,Bracket C (109 - 112),P5: Semi-final,Single game,FRA - Clark/Florinda,DEN - Christensen/Søvndal,DEN - Christensen/Søvndal,0,21,,,,,,,,,Auxence Clark,Robin Florinda,,,,,,,,,,,,,Kasper Søvndal,Andreas Christensen,,,,,,,,,,,,
Gold Bracket,Men's Individual,Bracket C (109 - 112),P5: Final,Single game,DEN - Christensen/Søvndal,FRA - Danekas/Hemelryck,FRA - Danekas/Hemelryck,0,1,,,,,,,,,Kasper Søvndal,Andreas Christensen,,,,,,,,,,,,,Théo Vanh Hemelryck,Ryan DANEKAS,Théo Vanh Hemelryck,,,,,,,,,,,
Gold Bracket,Men's Individual,Bracket C (109 - 112),P7: Final,Single game,GER - Claus/Klement,FRA - Clark/Florinda,FRA - Clark/Florinda,0,1,,,,,,,,,Tim Klement,Fabian Claus,,,,,,,,,,,,,Auxence Clark,Robin Florinda,,,,,,,,,,,,
Gold Bracket,Men's Individual,Bracket D (113 - 116),Quarter-final,Best of 3,CZE - Cabala/Nerad,NOR - Aasen/Hanisch,CZE - Cabala/Nerad,12,15,15,4,15,6,,,,,Jaroslav Čabala,Kasimir Nerad,,,,,,,,,,,,,Halvard Hanisch,Benjamin Aasen,,,,,,,,,,,,
Gold Bracket,Men's Individual,Bracket D (113 - 116),Quarter-final,Best of 3,SWE - Ekman/Stenquist,AUS - Geyer/Noble,SWE - Ekman/Stenquist,15,13,15,12,,,,,,,Esaja Ekman,Simon Stenquist,,,,,,,,,,,,,Murray Noble,Levi Geyer,,,,,,,,,,,,
Gold Bracket,Men's Individual,Bracket D (113 - 116),Quarter-final,Best of 3,ESP - Campos/ Forschner,AUT - Bachler/Stoisser,ESP - Campos/ Forschner,19,21,16,14,15,12,,,,,Marcos Campos,Erik Borja Forschner Mitre,,,,,,,,,,,,,Gabriel Stoisser,Benjamin Bachler,,,,,,,,,,,,
Gold Bracket,Men's Individual,Bracket D (113 - 116),Quarter-final,Best of 3,SWE - Henström/Mjönes,JPN - Ishii/Shimizu,SWE - Henström/Mjönes,15,13,14,16,15,13,,,,,Herman Henström,Samuel Mjönes,,,,,,,,,,,,,Kenzo Ishii,Maharoh Shimizu,,,,,,,,,,,,
Gold Bracket,Men's Individual,Bracket D (113 - 116),Semi-final,Best of 3,CZE - Cabala/Nerad,SWE - Henström/Mjönes,SWE - Henström/Mjönes,9,15,17,19,,,,,,,Jaroslav Čabala,Kasimir Nerad,,,,,,,,,,,,,Herman Henström,Samuel Mjönes,,,,,,,,,,,,
Gold Bracket,Men's Individual,Bracket D (113 - 116),Semi-final,Best of 3,SWE - Ekman/Stenquist,ESP - Campos/ Forschner,SWE - Ekman/Stenquist,23,21,1,0,,,,,,,Esaja Ekman,Simon Stenquist,,,,,,,,,,,,,Marcos Campos,Erik Borja Forschner Mitre,,,,,,,,,,,,
Gold Bracket,Men's Individual,Bracket D (113 - 116),P5: Semi-final,Single game,JPN - Ishii/Shimizu,NOR - Aasen/Hanisch,JPN - Ishii/Shimizu,21,19,,,,,,,,,Kenzo Ishii,Maharoh Shimizu,,,,,,,,,,,,,Halvard Hanisch,Benjamin Aasen,,,,,,,,,,,,
Gold Bracket,Men's Individual,Bracket D (113 - 116),P5: Semi-final,Single game,AUT - Bachler/Stoisser,AUS - Geyer/Noble,AUS - Geyer/Noble,0,1,,,,,,,,,Gabriel Stoisser,Benjamin Bachler,,,,,,,,,,,,,Murray Noble,Levi Geyer,,,,,,,,,,,,
Gold Bracket,Men's Individual,Bracket D (113 - 116),Final,Best of 3,SWE - Henström/Mjönes,SWE - Ekman/Stenquist,SWE - Ekman/Stenquist,0,1,0,1,,,,,,,Herman Henström,Samuel Mjönes,,,,,,,,,,,,,Esaja Ekman,Simon Stenquist,,,,,,,,,,,,
Gold Bracket,Men's Individual,Bracket D (113 - 116),P3: Final,Single game,ESP - Campos/ Forschner,CZE - Cabala/Nerad,ESP - Campos/ Forschner,1,0,,,,,,,,,Marcos Campos,Erik Borja Forschner Mitre,,,,,,,,,,,,,Jaroslav Čabala,Kasimir Nerad,,,,,,,,,,,,
Gold Bracket,Men's Individual,Bracket D (113 - 116),P5: Final,Single game,JPN - Ishii/Shimizu,AUS - Geyer/Noble,JPN - Ishii/Shimizu,1,0,,,,,,,,,Kenzo Ishii,Maharoh Shimizu,,,,,,,,,,,,,Murray Noble,Levi Geyer,,,,,,,,,,,,
Gold Bracket,Men's Individual,Bracket D (113 - 116),P7: Final,Single game,AUT - Bachler/Stoisser,NOR - Aasen/Hanisch,NOR - Aasen/Hanisch,0,1,,,,,,,,,Gabriel Stoisser,Benjamin Bachler,,,,,,,,,,,,,Halvard Hanisch,Benjamin Aasen,,,,,,,,,,,,
Silver Bracket,Men's Individual,Bracket A (117-120),Quarter-final,Best of 3,SUI - Kukuljan/Rieser,BEL - Hublet/Vandamme,BEL - Hublet/Vandamme,17,19,12,15,,,,,,,Teo Kukuljan,Serafin Rieser,,,,,,,,,,,,,Gauthier Vandamme,Gilles Hublet,,,,,,,,,,,,
Silver Bracket,Men's Individual,Bracket A (117-120),Quarter-final,Best of 3,AUT - Gangkofner/Mitterwald,SUI - Rimle/Tognini,AUT - Gangkofner/Mitterwald,15,0,15,0,,,,,,,Johannes Mitterwald,Mathias Gangkofner,,,,,,,,,,,,,Emanuel Rimle,Nicolas Tognini,,,,,,,,,,,,
Silver Bracket,Men's Individual,Bracket A (117-120),Quarter-final,Best of 3,GBR - Elbourne/Powell,CHI - Yañez/Rivera,GBR - Elbourne/Powell,15,9,15,4,,,,,,,Archie Powell,Mark Elbourne,,,,,,,,,,,,,Felipe Rivera,Lucas Yañez,,,,,,,,,,,,
Silver Bracket,Men's Individual,Bracket A (117-120),Quarter-final,Best of 3,ITA - Mercadini/Pareschi,TWN - Chang/Chou,TWN - Chang/Chou,19,17,14,16,20,22,,,,,riccardo mercadini,Mattia Pareschi,,,,,,,,,,,,,CHOU PO-JUI,Wade Chang,,,,,,,,,,,,
Silver Bracket,Men's Individual,Bracket A (117-120),Semi-final,Best of 3,BEL - Hublet/Vandamme,TWN - Chang/Chou,TWN - Chang/Chou,13,15,13,15,,,,,,,Gauthier Vandamme,Gilles Hublet,,,,,,,,,,,,,CHOU PO-JUI,Wade Chang,,,,,,,,,,,,
Silver Bracket,Men's Individual,Bracket A (117-120),Semi-final,Best of 3,AUT - Gangkofner/Mitterwald,GBR - Elbourne/Powell,GBR - Elbourne/Powell,0,1,0,1,,,,,,,Johannes Mitterwald,Mathias Gangkofner,,,,,,,,,,,,,Archie Powell,Mark Elbourne,,,,,,,,,,,,
Silver Bracket,Men's Individual,Bracket A (117-120),P5: Semi-final,Single game,ITA - Mercadini/Pareschi,SUI - Kukuljan/Rieser,ITA - Mercadini/Pareschi,21,17,,,,,,,,,riccardo mercadini,Mattia Pareschi,,,,,,,,,,,,,Teo Kukuljan,Serafin Rieser,,,,,,,,,,,,
Silver Bracket,Men's Individual,Bracket A (117-120),Final,Best of 3,TWN - Chang/Chou,GBR - Elbourne/Powell,GBR - Elbourne/Powell,14,21,10,21,,,,,,,CHOU PO-JUI,Wade Chang,,,,,,,,,,,,,Archie Powell,Mark Elbourne,,,,,,,,,,,,
Silver Bracket,Men's Individual,Bracket B (121 - 124),Quarter-final,Best of 3,IRE - O’Gara/Prelich,CZE - Mezzey/Visek,IRE - O’Gara/Prelich,15,12,15,12,,,,,,,Connor Prelich,Eoin O'Gara,,,,,,,,,,,,,Sebi Mezzey,Jakub Víšek,,,,,,,,,,,,
Silver Bracket,Men's Individual,Bracket B (121 - 124),Quarter-final,Best of 3,LTU - Butkus/Lekečinskas,DEN - Høj/Linnet,LTU - Butkus/Lekečinskas,15,12,15,13,,,,,,,Mindaugas Butkus,Ugnius Lekecinskas,,,,,,,,,,,,,Søren Høy,Mathias Linnet,,,,,,,,,,,,
Silver Bracket,Men's Individual,Bracket B (121 - 124),Quarter-final,Best of 3,ESP - Cuesta/Cuesta,POL - Stachiewicz/Łochowski,POL - Stachiewicz/Łochowski,12,15,12,15,,,,,,,Esteban Cuesta,Guillermo Cuesta Fuentes,,,,,,,,,,,,,Max Łochowski,Jan Stachiewicz,,,,,,,,,,,,
Silver Bracket,Men's Individual,Bracket B (121 - 124),Quarter-final,Best of 3,IND - Dass/Dua,LAT - Jaunpetrovičs/Juška,IND - Dass/Dua,15,7,15,9,,,,,,,Vibhor Dua,sumer dass,,,,,,,,,,,,,Aleksandrs Juška,Mikus Jaunpetrovičs,,,,,,,,,,,,
Silver Bracket,Men's Individual,Bracket B (121 - 124),Semi-final,Best of 3,IRE - O’Gara/Prelich,IND - Dass/Dua,IND - Dass/Dua,14,16,13,15,,,,,,,Connor Prelich,Eoin O'Gara,,,,,,,,,,,,,Vibhor Dua,sumer dass,,,,,,,,,,,,
Silver Bracket,Men's Individual,Bracket B (121 - 124),Semi-final,Best of 3,LTU - Butkus/Lekečinskas,POL - Stachiewicz/Łochowski,LTU - Butkus/Lekečinskas,19,17,15,12,,,,,,,Mindaugas Butkus,Ugnius Lekecinskas,,,,,,,,,,,,,Max Łochowski,Jan Stachiewicz,,,,,,,,,,,,
Silver Bracket,Men's Individual,Bracket B (121 - 124),P5: Semi-final,Single game,ESP - Cuesta/Cuesta,DEN - Høj/Linnet,DEN - Høj/Linnet,16,21,,,,,,,,,Esteban Cuesta,Guillermo Cuesta Fuentes,,,,,,,,,,,,,Søren Høy,Mathias Linnet,,,,,,,,,,,,
Silver Bracket,Men's Individual,Bracket B (121 - 124),Final,Best of 3,IND - Dass/Dua,LTU - Butkus/Lekečinskas,IND - Dass/Dua,1,0,1,0,,,,,,,Vibhor Dua,sumer dass,,,,,,,,,,,,,Mindaugas Butkus,Ugnius Lekecinskas,,,,,,,,,,,,
Silver Bracket,Men's Individual,Bracket B (121 - 124),P5: Final,Single game,LAT - Jaunpetrovičs/Juška,DEN - Høj/Linnet,LAT - Jaunpetrovičs/Juška,1,0,,,,,,,,,Aleksandrs Juška,Mikus Jaunpetrovičs,,,,,,,,,,,,,Søren Høy,Mathias Linnet,,,,,,,,,,,,
Silver Bracket,Men's Individual,Bracket C (125 - 128),Quarter-final,Best of 3,BEL - Theunis/Declercq,ISR - Rotem/Tomer,BEL - Theunis/Declercq,1,0,1,0,,,,,,,Bram Declercq,Frederik Theunis,,,,,,,,,,,,,rotem kimhi,Tomer Zholkovsky,,,,,,,,,,,,
Silver Bracket,Men's Individual,Bracket C (125 - 128),Quarter-final,Best of 3,NOR - Kuehl/Steinsholt,FIN - Kyläinpää/Kyläinpää,NOR - Kuehl/Steinsholt,15,13,15,9,,,,,,,Andrew Kuehl,Jørgen Steinsholt,,,,,,,,,,,,,Kosti Kyläinpää,Kari Kyläinpää,,,,,,,,,,,,
Silver Bracket,Men's Individual,Bracket C (125 - 128),Quarter-final,Best of 3,ROU - Cîmpian/Bîrsan,JPN - Nakamura/Takei,ROU - Cîmpian/Bîrsan,15,11,15,11,,,,,,,Birsan Razvan,Lucian Cimpian,,,,,,,,,,,,,Yuki Nakamura,Yuya Takei,,,,,,,,,,,,
Silver Bracket,Men's Individual,Bracket C (125 - 128),Quarter-final,Best of 3,ISR - Lurie/Wish,FIN - Youssef/Heikkinen,FIN - Youssef/Heikkinen,0,1,0,1,,,,,,,Auriel Wish,Guy Lurie,,,,,,,,,,,,,Waltteri Heikkinen,Amir Youssef,,,,,,,,,,,,
Silver Bracket,Men's Individual,Bracket C (125 - 128),Semi-final,Best of 3,BEL - Theunis/Declercq,FIN - Youssef/Heikkinen,BEL - Theunis/Declercq,15,10,15,11,,,,,,,Bram Declercq,Frederik Theunis,,,,,,,,,,,,,Waltteri Heikkinen,Amir Youssef,,,,,,,,,,,,
Silver Bracket,Men's Individual,Bracket C (125 - 128),Semi-final,Best of 3,NOR - Kuehl/Steinsholt,ROU - Cîmpian/Bîrsan,ROU - Cîmpian/Bîrsan,11,15,13,15,,,,,,,Andrew Kuehl,Jørgen Steinsholt,,,,,,,,,,,,,Birsan Razvan,Lucian Cimpian,,,,,,,,,,,,
Silver Bracket,Men's Individual,Bracket C (125 - 128),P5: Semi-final,Single game,ISR - Lurie/Wish,ISR - Rotem/Tomer,ISR - Lurie/Wish,1,0,,,,,,,,,Auriel Wish,Guy Lurie,,,,,,,,,,,,,rotem kimhi,Tomer Zholkovsky,,,,,,,,,,,,
Silver Bracket,Men's Individual,Bracket C (125 - 128),P5: Semi-final,Single game,JPN - Nakamura/Takei,FIN - Kyläinpää/Kyläinpää,FIN - Kyläinpää/Kyläinpää,17,21,,,,,,,,,Yuki Nakamura,Yuya Takei,,,,,,,,,,,,,Kosti Kyläinpää,Kari Kyläinpää,,,,,,,,,,,,
Silver Bracket,Men's Individual,Bracket C (125 - 128),Final,Best of 3,BEL - Theunis/Declercq,ROU - Cîmpian/Bîrsan,BEL - Theunis/Declercq,12,15,15,11,15,12,,,,,Bram Declercq,Frederik Theunis,,,,,,,,,,,,,Birsan Razvan,Lucian Cimpian,,,,,,,,,,,,
Silver Bracket,Men's Individual,Bracket C (125 - 128),P3: Final,Single game,NOR - Kuehl/Steinsholt,FIN - Youssef/Heikkinen,NOR - Kuehl/Steinsholt,1,0,,,,,,,,,Andrew Kuehl,Jørgen Steinsholt,,,,,,,,,,,,,Waltteri Heikkinen,Amir Youssef,,,,,,,,,,,,
Silver Bracket,Men's Individual,Bracket C (125 - 128),P5: Final,Single game,ISR - Lurie/Wish,FIN - Kyläinpää/Kyläinpää,FIN - Kyläinpää/Kyläinpää,0,1,,,,,,,,,Auriel Wish,Guy Lurie,,,,,,,,,,,,,Kosti Kyläinpää,Kari Kyläinpää,,,,,,,,,,,,
Silver Bracket,Men's Individual,Bracket C (125 - 128),P7: Final,Single game,JPN - Nakamura/Takei,ISR - Rotem/Tomer,JPN - Nakamura/Takei,1,0,,,,,,,,,Yuki Nakamura,Yuya Takei,,,,,,,,,,,,,rotem kimhi,Tomer Zholkovsky,,,,,,,,,,,,
Bronze Bracket,Men's Individual,Bracket A (129 - 132),Quarter-final,Best of 3,COL - Moreno/Ricky,NED - Schouten/van Manen,COL - Moreno/Ricky,15,11,1,0,,,,,,,Roundnet Colombia,Ricky Santiago,,,,,,,,,,,,,Jarec Schouten,Stan van Manen,,,,,,,,,,,,
Bronze Bracket,Men's Individual,Bracket A (129 - 132),Quarter-final,Best of 3,CHI - Herrera/Larroza,ROU - Colac/Popa,ROU - Colac/Popa,18,20,16,14,21,23,,,,,Oriel Herrera,Felipe Larroza,,,,,,,,,,,,,Traian Colac,Madalin Popa,,,,,,,,,,,,
Bronze Bracket,Men's Individual,Bracket A (129 - 132),Quarter-final,Best of 3,NED - Brus/Brus,MEX - Goar/Canovas,MEX - Goar/Canovas,10,15,15,13,14,16,,,,,Rudo Brus,Jeroen Brus,,,,,,,,,,,,,Santiago Canovas,Gerardo Goar,,,,,,,,,,,,
Bronze Bracket,Men's Individual,Bracket A (129 - 132),Quarter-final,Best of 3,TWN - Chen/Kao,IRE - Duffy/Byrne,TWN - Chen/Kao,15,12,15,9,,,,,,,Po-Jui Chen,Yu-Heng Kao,,,,,,,,,,,,,Liam Duffy,Sean Byrne,,,,,,,,,,,,
Bronze Bracket,Men's Individual,Bracket A (129 - 132),Semi-final,Best of 3,COL - Moreno/Ricky,TWN - Chen/Kao,TWN - Chen/Kao,21,19,10,15,13,15,,,,,Roundnet Colombia,Ricky Santiago,,,,,,,,,,,,,Po-Jui Chen,Yu-Heng Kao,,,,,,,,,,,,
Bronze Bracket,Men's Individual,Bracket A (129 - 132),Semi-final,Best of 3,ROU - Colac/Popa,MEX - Goar/Canovas,ROU - Colac/Popa,21,16,1,0,,,,,,,Traian Colac,Madalin Popa,,,,,,,,,,,,,Santiago Canovas,Gerardo Goar,,,,,,,,,,,,
Bronze Bracket,Men's Individual,Bracket A (129 - 132),P5: Semi-final,Single game,IRE - Duffy/Byrne,NED - Schouten/van Manen,NED - Schouten/van Manen,0,1,,,,,,,,,Liam Duffy,Sean Byrne,,,,,,,,,,,,,Jarec Schouten,Stan van Manen,,,,,,,,,,,,
Bronze Bracket,Men's Individual,Bracket A (129 - 132),P5: Semi-final,Single game,NED - Brus/Brus,CHI - Herrera/Larroza,NED - Brus/Brus,1,0,,,,,,,,,Rudo Brus,Jeroen Brus,,,,,,,,,,,,,Oriel Herrera,Felipe Larroza,,,,,,,,,,,,
Bronze Bracket,Men's Individual,Bracket A (129 - 132),Final,Best of 3,TWN - Chen/Kao,ROU - Colac/Popa,TWN - Chen/Kao,23,21,1,0,,,,,,,Po-Jui Chen,Yu-Heng Kao,,,,,,,,,,,,,Traian Colac,Madalin Popa,,,,,,,,,,,,
Bronze Bracket,Men's Individual,Bracket A (129 - 132),P3: Final,Single game,MEX - Goar/Canovas,COL - Moreno/Ricky,MEX - Goar/Canovas,1,0,,,,,,,,,Santiago Canovas,Gerardo Goar,,,,,,,,,,,,,Roundnet Colombia,Ricky Santiago,,,,,,,,,,,,
Bronze Bracket,Men's Individual,Bracket A (129 - 132),P5: Final,Single game,NED - Schouten/van Manen,NED - Brus/Brus,NED - Brus/Brus,0,1,,,,,,,,,Jarec Schouten,Stan van Manen,,,,,,,,,,,,,Rudo Brus,Jeroen Brus,,,,,,,,,,,,
Bronze Bracket,Men's Individual,Bracket A (129 - 132),P7: Final,Single game,CHI - Herrera/Larroza,IRE - Duffy/Byrne,IRE - Duffy/Byrne,0,1,,,,,,,,,Oriel Herrera,Felipe Larroza,,,,,,,,,,,,,Liam Duffy,Sean Byrne,,,,,,,,,,,,
Bronze Bracket,Men's Individual,Bracket B (133 - 136),Quarter-final,Best of 3,BRA - Ítalo/Zancan,COL - Maya/Duque,COL - Maya/Duque,16,18,11,15,,,,,,,Pedro Zancan,Danilo Italo,,,,,,,,,,,,,Bernardo Maya,Jose Duque,,,,,,,,,,,,
Bronze Bracket,Men's Individual,Bracket B (133 - 136),Quarter-final,Best of 3,LUX - Mertens/Bermes,LUX - Clees/Thomé,LUX - Mertens/Bermes,15,9,15,8,,,,,,,Pit Bermes,Michel Mertens,,,,,,,,,,,,,Nicolas Thomé,Mike Ries,,,,,,,,,,,,
Bronze Bracket,Men's Individual,Bracket B (133 - 136),Quarter-final,Best of 3,MEX - Rivera/Islas,POL - Pętlak/Cichocki,MEX - Rivera/Islas,15,8,15,8,,,,,,,Mauricio Rivera,Dante Islas,,,,,,,,,,,,,Mikołaj Cichocki,Tadeusz Pętlak,,,,,,,,,,,,
Bronze Bracket,Men's Individual,Bracket B (133 - 136),Quarter-final,Best of 3,BRA - Tiba/Silva,LTU - Buckiunas/Ignatavicius,LTU - Buckiunas/Ignatavicius,11,15,13,15,,,,,,,Nicolas Tiba,Victor Hugo da Silva,,,,,,,,,,,,,Rokas Ignatavičius,Gytis Buckiūnas,,,,,,,,,,,,
Bronze Bracket,Men's Individual,Bracket B (133 - 136),Semi-final,Best of 3,COL - Maya/Duque,LTU - Buckiunas/Ignatavicius,LTU - Buckiunas/Ignatavicius,15,13,9,15,9,15,,,,,Bernardo Maya,Jose Duque,,,,,,,,,,,,,Rokas Ignatavičius,Gytis Buckiūnas,,,,,,,,,,,,
Bronze Bracket,Men's Individual,Bracket B (133 - 136),Semi-final,Best of 3,LUX - Mertens/Bermes,MEX - Rivera/Islas,LUX - Mertens/Bermes,15,13,16,14,,,,,,,Pit Bermes,Michel Mertens,,,,,,,,,,,,,Mauricio Rivera,Dante Islas,,,,,,,,,,,,
Bronze Bracket,Men's Individual,Bracket B (133 - 136),P5: Semi-final,Single game,BRA - Tiba/Silva,BRA - Ítalo/Zancan,BRA - Tiba/Silva,21,14,,,,,,,,,Nicolas Tiba,Victor Hugo da Silva,,,,,,,,,,,,,Pedro Zancan,Danilo Italo,,,,,,,,,,,,
Bronze Bracket,Men's Individual,Bracket B (133 - 136),P5: Semi-final,Single game,POL - Pętlak/Cichocki,LUX - Clees/Thomé,LUX - Clees/Thomé,0,1,,,,,,,,,Mikołaj Cichocki,Tadeusz Pętlak,,,,,,,,,,,,,Nicolas Thomé,Mike Ries,,,,,,,,,,,,
Bronze Bracket,Men's Individual,Bracket B (133 - 136),Final,Best of 3,LTU - Buckiunas/Ignatavicius,LUX - Mertens/Bermes,LTU - Buckiunas/Ignatavicius,13,15,15,13,15,13,,,,,Rokas Ignatavičius,Gytis Buckiūnas,,,,,,,,,,,,,Pit Bermes,Michel Mertens,,,,,,,,,,,,
Bronze Bracket,Men's Individual,Bracket B (133 - 136),P3: Final,Single game,MEX - Rivera/Islas,COL - Maya/Duque,COL - Maya/Duque,19,21,,,,,,,,,Mauricio Rivera,Dante Islas,,,,,,,,,,,,,Bernardo Maya,Jose Duque,,,,,,,,,,,,
Bronze Bracket,Men's Individual,Bracket B (133 - 136),P5: Final,Single game,BRA - Tiba/Silva,LUX - Clees/Thomé,LUX - Clees/Thomé,19,21,,,,,,,,,Nicolas Tiba,Victor Hugo da Silva,,,,,,,,,,,,,Nicolas Thomé,Mike Ries,,,,,,,,,,,,
Bronze Bracket,Men's Individual,Bracket B (133 - 136),P7: Final,Single game,POL - Pętlak/Cichocki,BRA - Ítalo/Zancan,BRA - Ítalo/Zancan,0,1,,,,,,,,,Mikołaj Cichocki,Tadeusz Pętlak,,,,,,,,,,,,,Pedro Zancan,Danilo Italo,,,,,,,,,,,,
Bronze Bracket,Men's Individual,Bracket C (137-139),Quarter-final,Best of 3,HKG - Ma/Au,INA - Denny/Genta,HKG - Ma/Au,15,12,15,12,,,,,,,Chingle Au,Chris Ma,,,,,,,,,,,,,Genta Fajar,Denny Rahmat Ramdhani,,,,,,,,,,,,
Bronze Bracket,Men's Individual,Bracket C (137-139),Quarter-final,Best of 3,EGY - Atwan/Saafan,LAT - Beļajevs/Eglītis,EGY - Atwan/Saafan,15,13,15,17,15,13,,,,,Ahmed Saafan,Youssef Atwan,,,,,,,,,,,,,Miks Eglitis,Andris Belajevs,,,,,,,,,,,,
Bronze Bracket,Men's Individual,Bracket C (137-139),Quarter-final,Best of 3,HKG - Lui/Yan,INA - Fairuzzaman/Rudy,HKG - Lui/Yan,15,11,17,19,15,11,,,,,Caleb Yan,Clayton Lui,,,,,,,,,,,,,Rudy Nugraha,Naufal Fairuzzaman,,,,,,,,,,,,
Bronze Bracket,Men's Individual,Bracket C (137-139),Semi-final,Best of 3,EGY - Naim/Nader,HKG - Lui/Yan,EGY - Naim/Nader,17,15,13,15,15,11,,,,,karim nader,Karim Naim,,,,,,,,,,,,,Caleb Yan,Clayton Lui,,,,,,,,,,,,
Bronze Bracket,Men's Individual,Bracket C (137-139),Semi-final,Best of 3,HKG - Ma/Au,EGY - Atwan/Saafan,HKG - Ma/Au,16,14,15,13,,,,,,,Chingle Au,Chris Ma,,,,,,,,,,,,,Ahmed Saafan,Youssef Atwan,,,,,,,,,,,,
Bronze Bracket,Men's Individual,Bracket C (137-139),P5: Semi-final,Single game,LAT - Beļajevs/Eglītis,INA - Denny/Genta,LAT - Beļajevs/Eglītis,1,0,,,,,,,,,Miks Eglitis,Andris Belajevs,,,,,,,,,,,,,Genta Fajar,Denny Rahmat Ramdhani,,,,,,,,,,,,
Bronze Bracket,Men's Individual,Bracket C (137-139),Final,Best of 3,EGY - Naim/Nader,HKG - Ma/Au,HKG - Ma/Au,15,11,14,16,13,15,,,,,karim nader,Karim Naim,,,,,,,,,,,,,Chingle Au,Chris Ma,,,,,,,,,,,,
Bronze Bracket,Men's Individual,Bracket C (137-139),P3: Final,Single game,EGY - Atwan/Saafan,HKG - Lui/Yan,EGY - Atwan/Saafan,17,15,,,,,,,,,Ahmed Saafan,Youssef Atwan,,,,,,,,,,,,,Caleb Yan,Clayton Lui,,,,,,,,,,,,
Bronze Bracket,Men's Individual,Bracket C (137-139),P5: Final,Single game,INA - Fairuzzaman/Rudy,LAT - Beļajevs/Eglītis,LAT - Beļajevs/Eglītis,0,1,,,,,,,,,Rudy Nugraha,Naufal Fairuzzaman,,,,,,,,,,,,,Miks Eglitis,Andris Belajevs,,,,,,,,,,,,
Bronze Groups,Women's Individual,Group A (423 - 424),1,Single game,BRA - Pereira/Barreto,NOR - Pavall/ Eilertsen,BRA - Pereira/Barreto,21,2,,,,,,,,,Isabela Pereira,Regiane Barreto,,,,,,,,,,,,,Emilie Sofie Eilertsen,Ronja Pareliussen Pavall,,,,,,,,,,,,
Bronze Groups,Women's Individual,Group A (423 - 424),1,Single game,LAT - Jansone/Smilga,NOR - Modalsli/Ordemann Olsen,LAT - Jansone/Smilga,21,13,,,,,,,,,Dārta Smilga,Krista Jansone,,,,,,,,,,,,,Andrine Charlotte Ordemann Olsen,Sara Modalsli,,,,,,,,,,,,
Bronze Groups,Women's Individual,Group B (425 - 426),1,Single game,NED - Dieltjes/Dieltjes,EGY - Magd/Nour,NED - Dieltjes/Dieltjes,21,7,,,,,,,,,Shauny Dieltjes,Shannon Dieltjes,,,,,,,,,,,,,Nour Rehan,Magd Gamal,,,,,,,,,,,,
Bronze Groups,Women's Individual,Group B (425 - 426),1,Single game,POL - Filipska/Dalidonis,COL - Ramirez/Velez,POL - Filipska/Dalidonis,21,18,,,,,,,,,Małgosia Dalidonis,Maria Filipska,,,,,,,,,,,,,Natalia VE,Maria Ramirez,,,,,,,,,,,,
Bronze Groups,Women's Individual,Group C (427 - 428),1,Single game,TWN - Lin/Cheng,MEX - Vega/Garcia,TWN - Lin/Cheng,21,14,,,,,,,,,Yuan Yuan Cheng,Jia jing Lin,,,,,,,,,,,,,Andrea Vega,Mariana García,,,,,,,,,,,,
Bronze Groups,Women's Individual,Group C (427 - 428),1,Single game,HKG - Chan/Law,LAT - Brauna/Ivanova,HKG - Chan/Law,21,20,,,,,,,,,Reico Chan,Karina Law,,,,,,,,,,,,,Līna Brauna,Zane Ivanova,,,,,,,,,,,,
Bronze Groups,Women's Individual,Group D (429 - 430),1,Single game,TWN - Chen/Kuo,MEX - Regalado/Lara,TWN - Chen/Kuo,21,4,,,,,,,,,Mickey Chen,Carina Kuo,,,,,,,,,,,,,Ana Fernanda Lara Avila,Andrea Regalado Franco,,,,,,,,,,,,
Bronze Groups,Women's Individual,Group D (429 - 430),1,Single game,DEN - Fredberg/Hillebro,SUI - Wiedmer/Kunz,SUI - Wiedmer/Kunz,12,21,,,,,,,,,Maja Hillebro,Rikke Fredberg Jørgensen,,,,,,,,,,,,,Mirjam Wiedmer,Nora Kunz,,,,,,,,,,,,
Bronze Groups,Women's Individual,Group A (423 - 424),2,Single game,BRA - Pereira/Barreto,NOR - Modalsli/Ordemann Olsen,BRA - Pereira/Barreto,21,12,,,,,,,,,Isabela Pereira,Regiane Barreto,,,,,,,,,,,,,Andrine Charlotte Ordemann Olsen,Sara Modalsli,,,,,,,,,,,,
Bronze Groups,Women's Individual,Group A (423 - 424),2,Single game,FIN - Kosonen/Lemettinen,NOR - Pavall/ Eilertsen,FIN - Kosonen/Lemettinen,21,12,,,,,,,,,Valentina Lemettinen,Emma Kosonen,,,,,,,,,,,,,Emilie Sofie Eilertsen,Ronja Pareliussen Pavall,,,,,,,,,,,,
Bronze Groups,Women's Individual,Group B (425 - 426),2,Single game,NED - Dieltjes/Dieltjes,COL - Ramirez/Velez,NED - Dieltjes/Dieltjes,21,15,,,,,,,,,Shauny Dieltjes,Shannon Dieltjes,,,,,,,,,,,,,Natalia VE,Maria Ramirez,,,,,,,,,,,,
Bronze Groups,Women's Individual,Group B (425 - 426),2,Single game,AUS - Griffiths/Lynch,EGY - Magd/Nour,AUS - Griffiths/Lynch,21,10,,,,,,,,,Izzy Lynch,Maddi Griffiths,,,,,,,,,,,,,Nour Rehan,Magd Gamal,,,,,,,,,,,,
Bronze Groups,Women's Individual,Group C (427 - 428),2,Single game,TWN - Lin/Cheng,LAT - Brauna/Ivanova,TWN - Lin/Cheng,21,14,,,,,,,,,Yuan Yuan Cheng,Jia jing Lin,,,,,,,,,,,,,Līna Brauna,Zane Ivanova,,,,,,,,,,,,
Bronze Groups,Women's Individual,Group C (427 - 428),2,Single game,ITA - Patat/Biondini,MEX - Vega/Garcia,ITA - Patat/Biondini,21,8,,,,,,,,,Nicole Biondini,Costanza Patat,,,,,,,,,,,,,Andrea Vega,Mariana García,,,,,,,,,,,,
Bronze Groups,Women's Individual,Group D (429 - 430),2,Single game,TWN - Chen/Kuo,SUI - Wiedmer/Kunz,SUI - Wiedmer/Kunz,13,21,,,,,,,,,Mickey Chen,Carina Kuo,,,,,,,,,,,,,Mirjam Wiedmer,Nora Kunz,,,,,,,,,,,,
Bronze Groups,Women's Individual,Group D (429 - 430),2,Single game,POL - Wolff/Stawarek,MEX - Regalado/Lara,POL - Wolff/Stawarek,21,14,,,,,,,,,Pola Wolff,Julia Stawarek,,,,,,,,,,,,,Ana Fernanda Lara Avila,Andrea Regalado Franco,,,,,,,,,,,,
Bronze Groups,Women's Individual,Group A (423 - 424),3,Single game,BRA - Pereira/Barreto,FIN - Kosonen/Lemettinen,BRA - Pereira/Barreto,21,7,,,,,,,,,Isabela Pereira,Regiane Barreto,,,,,,,,,,,,,Valentina Lemettinen,Emma Kosonen,,,,,,,,,,,,
Bronze Groups,Women's Individual,Group A (423 - 424),3,Single game,LAT - Jansone/Smilga,NOR - Pavall/ Eilertsen,LAT - Jansone/Smilga,21,13,,,,,,,,,Dārta Smilga,Krista Jansone,,,,,,,,,,,,,Emilie Sofie Eilertsen,Ronja Pareliussen Pavall,,,,,,,,,,,,
Bronze Groups,Women's Individual,Group B (425 - 426),3,Single game,NED - Dieltjes/Dieltjes,AUS - Griffiths/Lynch,NED - Dieltjes/Dieltjes,21,9,,,,,,,,,Shauny Dieltjes,Shannon Dieltjes,,,,,,,,,,,,,Izzy Lynch,Maddi Griffiths,,,,,,,,,,,,
Bronze Groups,Women's Individual,Group B (425 - 426),3,Single game,POL - Filipska/Dalidonis,EGY - Magd/Nour,POL - Filipska/Dalidonis,21,12,,,,,,,,,Małgosia Dalidonis,Maria Filipska,,,,,,,,,,,,,Nour Rehan,Magd Gamal,,,,,,,,,,,,
Bronze Groups,Women's Individual,Group C (427 - 428),3,Single game,TWN - Lin/Cheng,ITA - Patat/Biondini,TWN - Lin/Cheng,21,16,,,,,,,,,Yuan Yuan Cheng,Jia jing Lin,,,,,,,,,,,,,Nicole Biondini,Costanza Patat,,,,,,,,,,,,
Bronze Groups,Women's Individual,Group C (427 - 428),3,Single game,HKG - Chan/Law,MEX - Vega/Garcia,HKG - Chan/Law,21,14,,,,,,,,,Reico Chan,Karina Law,,,,,,,,,,,,,Andrea Vega,Mariana García,,,,,,,,,,,,
Bronze Groups,Women's Individual,Group D (429 - 430),3,Single game,TWN - Chen/Kuo,POL - Wolff/Stawarek,TWN - Chen/Kuo,21,14,,,,,,,,,Mickey Chen,Carina Kuo,,,,,,,,,,,,,Pola Wolff,Julia Stawarek,,,,,,,,,,,,
Bronze Groups,Women's Individual,Group D (429 - 430),3,Single game,DEN - Fredberg/Hillebro,MEX - Regalado/Lara,DEN - Fredberg/Hillebro,21,5,,,,,,,,,Maja Hillebro,Rikke Fredberg Jørgensen,,,,,,,,,,,,,Ana Fernanda Lara Avila,Andrea Regalado Franco,,,,,,,,,,,,
Bronze Groups,Women's Individual,Group A (423 - 424),4,Single game,LAT - Jansone/Smilga,FIN - Kosonen/Lemettinen,LAT - Jansone/Smilga,21,16,,,,,,,,,Dārta Smilga,Krista Jansone,,,,,,,,,,,,,Valentina Lemettinen,Emma Kosonen,,,,,,,,,,,,
Bronze Groups,Women's Individual,Group A (423 - 424),4,Single game,NOR - Modalsli/Ordemann Olsen,NOR - Pavall/ Eilertsen,NOR - Modalsli/Ordemann Olsen,21,8,,,,,,,,,Andrine Charlotte Ordemann Olsen,Sara Modalsli,,,,,,,,,,,,,Emilie Sofie Eilertsen,Ronja Pareliussen Pavall,,,,,,,,,,,,
Bronze Groups,Women's Individual,Group B (425 - 426),4,Single game,POL - Filipska/Dalidonis,AUS - Griffiths/Lynch,POL - Filipska/Dalidonis,21,12,,,,,,,,,Małgosia Dalidonis,Maria Filipska,,,,,,,,,,,,,Izzy Lynch,Maddi Griffiths,,,,,,,,,,,,
Bronze Groups,Women's Individual,Group B (425 - 426),4,Single game,COL - Ramirez/Velez,EGY - Magd/Nour,COL - Ramirez/Velez,21,15,,,,,,,,,Natalia VE,Maria Ramirez,,,,,,,,,,,,,Nour Rehan,Magd Gamal,,,,,,,,,,,,
Bronze Groups,Women's Individual,Group C (427 - 428),4,Single game,HKG - Chan/Law,ITA - Patat/Biondini,ITA - Patat/Biondini,10,21,,,,,,,,,Reico Chan,Karina Law,,,,,,,,,,,,,Nicole Biondini,Costanza Patat,,,,,,,,,,,,
Bronze Groups,Women's Individual,Group C (427 - 428),4,Single game,LAT - Brauna/Ivanova,MEX - Vega/Garcia,MEX - Vega/Garcia,14,21,,,,,,,,,Līna Brauna,Zane Ivanova,,,,,,,,,,,,,Andrea Vega,Mariana García,,,,,,,,,,,,
Bronze Groups,Women's Individual,Group D (429 - 430),4,Single game,DEN - Fredberg/Hillebro,POL - Wolff/Stawarek,DEN - Fredberg/Hillebro,21,9,,,,,,,,,Maja Hillebro,Rikke Fredberg Jørgensen,,,,,,,,,,,,,Pola Wolff,Julia Stawarek,,,,,,,,,,,,
Bronze Groups,Women's Individual,Group D (429 - 430),4,Single game,SUI - Wiedmer/Kunz,MEX - Regalado/Lara,SUI - Wiedmer/Kunz,21,6,,,,,,,,,Mirjam Wiedmer,Nora Kunz,,,,,,,,,,,,,Ana Fernanda Lara Avila,Andrea Regalado Franco,,,,,,,,,,,,
Bronze Groups,Women's Individual,Group A (423 - 424),5,Single game,BRA - Pereira/Barreto,LAT - Jansone/Smilga,BRA - Pereira/Barreto,21,13,,,,,,,,,Isabela Pereira,Regiane Barreto,,,,,,,,,,,,,Dārta Smilga,Krista Jansone,,,,,,,,,,,,
Bronze Groups,Women's Individual,Group A (423 - 424),5,Single game,FIN - Kosonen/Lemettinen,NOR - Modalsli/Ordemann Olsen,NOR - Modalsli/Ordemann Olsen,13,21,,,,,,,,,Valentina Lemettinen,Emma Kosonen,,,,,,,,,,,,,Andrine Charlotte Ordemann Olsen,Sara Modalsli,,,,,,,,,,,,
Bronze Groups,Women's Individual,Group B (425 - 426),5,Single game,NED - Dieltjes/Dieltjes,POL - Filipska/Dalidonis,NED - Dieltjes/Dieltjes,21,20,,,,,,,,,Shauny Dieltjes,Shannon Dieltjes,,,,,,,,,,,,,Małgosia Dalidonis,Maria Filipska,,,,,,,,,,,,
Bronze Groups,Women's Individual,Group B (425 - 426),5,Single game,AUS - Griffiths/Lynch,COL - Ramirez/Velez,AUS - Griffiths/Lynch,21,15,,,,,,,,,Izzy Lynch,Maddi Griffiths,,,,,,,,,,,,,Natalia VE,Maria Ramirez,,,,,,,,,,,,
Bronze Groups,Women's Individual,Group C (427 - 428),5,Single game,TWN - Lin/Cheng,HKG - Chan/Law,HKG - Chan/Law,20,21,,,,,,,,,Yuan Yuan Cheng,Jia jing Lin,,,,,,,,,,,,,Reico Chan,Karina Law,,,,,,,,,,,,
Bronze Groups,Women's Individual,Group C (427 - 428),5,Single game,ITA - Patat/Biondini,LAT - Brauna/Ivanova,ITA - Patat/Biondini,21,7,,,,,,,,,Nicole Biondini,Costanza Patat,,,,,,,,,,,,,Līna Brauna,Zane Ivanova,,,,,,,,,,,,
Bronze Groups,Women's Individual,Group D (429 - 430),5,Single game,TWN - Chen/Kuo,DEN - Fredberg/Hillebro,TWN - Chen/Kuo,21,20,,,,,,,,,Mickey Chen,Carina Kuo,,,,,,,,,,,,,Maja Hillebro,Rikke Fredberg Jørgensen,,,,,,,,,,,,
Bronze Groups,Women's Individual,Group D (429 - 430),5,Single game,POL - Wolff/Stawarek,SUI - Wiedmer/Kunz,SUI - Wiedmer/Kunz,14,21,,,,,,,,,Pola Wolff,Julia Stawarek,,,,,,,,,,,,,Mirjam Wiedmer,Nora Kunz,,,,,,,,,,,,
Gold Bracket,Women's Individual,Bracket A (401 - 404),Quarter-final,Best of 3,AUT - Leybourne/Kadlec,AUT - Kornek/Teskey,AUT - Leybourne/Kadlec,21,17,21,18,,,,,,,Daniela Kadlec,Megan Leybourne,,,,,,,,,,,,,Alina Teskey,Ines Kornek,,,,,,,,,,,,
Gold Bracket,Women's Individual,Bracket A (401 - 404),Quarter-final,Best of 3,ITA - Pernigo/Zanella,GER - Stadler/Stadler,GER - Stadler/Stadler,21,19,17,21,16,21,,,,,Silvia Zanella,Chiara Pernigo,,,,,,,,,,,,,Julia Stadler,Franzi Stadler,,,,,,,,,,,,
Gold Bracket,Women's Individual,Bracket A (401 - 404),Quarter-final,Best of 3,GER - Knauf/Lorenz,FRA - Alt/Paysan,FRA - Alt/Paysan,18,21,21,18,16,21,,,,,Theresa Knauf,Ronja Lorenz,,,,,,,,,,,,,Inès Paysan,Natacha Alt,,,,,,,,,,,,
Gold Bracket,Women's Individual,Bracket A (401 - 404),Quarter-final,Best of 3,USA - Jenki/Jenki,USA - Allen/Washburn,USA - Allen/Washburn,19,21,17,21,,,,,,,Ali Jenki,Olivia Jenki,,,,,,,,,,,,,Sarah Allen,Lou Washburn,,,,,,,,,,,,
Gold Bracket,Women's Individual,Bracket A (401 - 404),Semi-final,Best of 3,AUT - Leybourne/Kadlec,USA - Allen/Washburn,AUT - Leybourne/Kadlec,21,18,21,16,,,,,,,Daniela Kadlec,Megan Leybourne,,,,,,,,,,,,,Sarah Allen,Lou Washburn,,,,,,,,,,,,
Gold Bracket,Women's Individual,Bracket A (401 - 404),Semi-final,Best of 3,GER - Stadler/Stadler,FRA - Alt/Paysan,GER - Stadler/Stadler,16,21,21,16,21,18,,,,,Julia Stadler,Franzi Stadler,,,,,,,,,,,,,Inès Paysan,Natacha Alt,,,,,,,,,,,,
Gold Bracket,Women's Individual,Bracket A (401 - 404),Final,Best of 3,AUT - Leybourne/Kadlec,GER - Stadler/Stadler,AUT - Leybourne/Kadlec,21,19,21,15,,,,,,,Daniela Kadlec,Megan Leybourne,,,,,,,,,,,,,Julia Stadler,Franzi Stadler,,,,,,,,,,,,
Gold Bracket,Women's Individual,Bracket A (401 - 404),P3: Final,Best of 3,FRA - Alt/Paysan,USA - Allen/Washburn,FRA - Alt/Paysan,22,24,21,18,27,25,,,,,Inès Paysan,Natacha Alt,,,,,,,,,,,,,Sarah Allen,Lou Washburn,,,,,,,,,,,,
Gold Bracket,Women's Individual,Bracket A (401 - 404),P5: Final,Best of 3,AUT - Kornek/Teskey,ITA - Pernigo/Zanella,ITA - Pernigo/Zanella,18,21,0,1,,,,,,,Alina Teskey,Ines Kornek,,,,,,,,,,,,,Silvia Zanella,Chiara Pernigo,,,,,,,,,,,,
Gold Bracket,Women's Individual,Bracket B (405 - 409),Quarter-final,Best of 3,CAN - Aspirot/Tardy,CAN - Cunningham/Desrosiers,CAN - Cunningham/Desrosiers,0,1,0,1,,,,,,,Genevieve Tardy,Kim Aspirot,,,,,,,,,,,,,Jessie Desrosiers,Jaime Cunningham,,,,,,,,,,,,
Gold Bracket,Women's Individual,Bracket B (405 - 409),Quarter-final,Best of 3,FRA - Rouault/Vanangamoudiar,GER - Bauer/Walter,GER - Bauer/Walter,17,19,7,15,,,,,,,Vanangamoudiar Liza,Lucile Rouault,,,,,,,,,,,,,Klara Bauer,Sophia Walter,,,,,,,,,,,,
Gold Bracket,Women's Individual,Bracket B (405 - 409),Quarter-final,Best of 3,CAN - Couroux/Leung,GER - Gulden/Pfund,CAN - Couroux/Leung,1,0,1,0,,,,,,,Shonda Couroux,Janet Leung,,,,,,,,,,,,,Tina Gulden,Raphaela Pfund,,,,,,,,,,,,
Gold Bracket,Women's Individual,Bracket B (405 - 409),Semi-final,Best of 3,CAN - Cunningham/Desrosiers,CAN - Couroux/Leung,CAN - Cunningham/Desrosiers,1,0,1,0,,,,,,,Jessie Desrosiers,Jaime Cunningham,,,,,,,,,,,,,Shonda Couroux,Janet Leung,,,,,,,,,,,,
Gold Bracket,Women's Individual,Bracket B (405 - 409),Semi-final,Best of 3,USA - Nguyen/Timan,GER - Bauer/Walter,GER - Bauer/Walter,13,15,15,17,,,,,,,Julia Timan,Joelle Nguyen,,,,,,,,,,,,,Klara Bauer,Sophia Walter,,,,,,,,,,,,
Gold Bracket,Women's Individual,Bracket B (405 - 409),P5: Semi-final,Single game,FRA - Rouault/Vanangamoudiar,USA - Fleming/Morgan,FRA - Rouault/Vanangamoudiar,1,0,,,,,,,,,Vanangamoudiar Liza,Lucile Rouault,,,,,,,,,,,,,Kayla Wu-Fleming,Kalin Morgan,,,,,,,,,,,,
Gold Bracket,Women's Individual,Bracket B (405 - 409),Final,Best of 3,CAN - Cunningham/Desrosiers,GER - Bauer/Walter,GER - Bauer/Walter,12,15,11,15,,,,,,,Jessie Desrosiers,Jaime Cunningham,,,,,,,,,,,,,Klara Bauer,Sophia Walter,,,,,,,,,,,,
Gold Bracket,Women's Individual,Bracket C (410 - 414),Quarter-final,Best of 3,NED - Meijer/Bouma,FRA - Joly/Lacombe,NED - Meijer/Bouma,1,0,1,0,,,,,,,Sophie Bouma,Eline Meijer,,,,,,,,,,,,,Amely Joly,Jade Lacombe,,,,,,,,,,,,
Gold Bracket,Women's Individual,Bracket C (410 - 414),Quarter-final,Best of 3,AUT - Orlandini/Graeter,BEL - Delbecke/Van der Stichelen,AUT - Orlandini/Graeter,0,1,1,0,1,0,,,,,Yasmin Graeter,daria orlandini,,,,,,,,,,,,,Tatiana Delbecke,Elise Van der Stichelen,,,,,,,,,,,,
Gold Bracket,Women's Individual,Bracket C (410 - 414),Quarter-final,Best of 3,ROU - Tărășilă/Pîrlea,SUI - Eigenmann/Gassner,ROU - Tărășilă/Pîrlea,1,0,1,0,,,,,,,Beatrice Tărășilă,Alina Pîrlea,,,,,,,,,,,,,Carole Gassner,Kaija Eigenmann,,,,,,,,,,,,
Gold Bracket,Women's Individual,Bracket C (410 - 414),Quarter-final,Best of 3,BEL - Vandesype/D'hoore,CAN - Diaz/Yu,BEL - Vandesype/D'hoore,1,0,1,0,,,,,,,Riet D'hoore,jana vandesijpe,,,,,,,,,,,,,sophia yu,Rosemay Diaz,,,,,,,,,,,,
Gold Bracket,Women's Individual,Bracket C (410 - 414),Semi-final,Best of 3,NED - Meijer/Bouma,BEL - Vandesype/D'hoore,NED - Meijer/Bouma,1,0,1,0,,,,,,,Sophie Bouma,Eline Meijer,,,,,,,,,,,,,Riet D'hoore,jana vandesijpe,,,,,,,,,,,,
Gold Bracket,Women's Individual,Bracket C (410 - 414),Semi-final,Best of 3,AUT - Orlandini/Graeter,ROU - Tărășilă/Pîrlea,ROU - Tărășilă/Pîrlea,0,1,0,1,,,,,,,Yasmin Graeter,daria orlandini,,,,,,,,,,,,,Beatrice Tărășilă,Alina Pîrlea,,,,,,,,,,,,
Gold Bracket,Women's Individual,Bracket C (410 - 414),P5: Semi-final,Single game,CAN - Diaz/Yu,FRA - Joly/Lacombe,CAN - Diaz/Yu,1,0,,,,,,,,,sophia yu,Rosemay Diaz,,,,,,,,,,,,,Amely Joly,Jade Lacombe,,,,,,,,,,,,
Gold Bracket,Women's Individual,Bracket C (410 - 414),P5: Semi-final,Single game,SUI - Eigenmann/Gassner,BEL - Delbecke/Van der Stichelen,BEL - Delbecke/Van der Stichelen,0,1,,,,,,,,,Carole Gassner,Kaija Eigenmann,,,,,,,,,,,,,Tatiana Delbecke,Elise Van der Stichelen,,,,,,,,,,,,
Gold Bracket,Women's Individual,Bracket C (410 - 414),Final,Best of 3,NED - Meijer/Bouma,ROU - Tărășilă/Pîrlea,NED - Meijer/Bouma,1,0,1,0,,,,,,,Sophie Bouma,Eline Meijer,,,,,,,,,,,,,Beatrice Tărășilă,Alina Pîrlea,,,,,,,,,,,,
Gold Bracket,Women's Individual,Bracket C (410 - 414),P3: Final,Single game,AUT - Orlandini/Graeter,BEL - Vandesype/D'hoore,BEL - Vandesype/D'hoore,0,1,,,,,,,,,Yasmin Graeter,daria orlandini,,,,,,,,,,,,,Riet D'hoore,jana vandesijpe,,,,,,,,,,,,
Gold Bracket,Women's Individual,Bracket C (410 - 414),P5: Final,Single game,CAN - Diaz/Yu,BEL - Delbecke/Van der Stichelen,BEL - Delbecke/Van der Stichelen,0,1,,,,,,,,,sophia yu,Rosemay Diaz,,,,,,,,,,,,,Tatiana Delbecke,Elise Van der Stichelen,,,,,,,,,,,,
Silver Bracket,Women's Individual,Bracket A (415 - 418),Quarter-final,Best of 3,SUI - Amsler/Kunz,SWE - Mollberg/Westerland,SUI - Amsler/Kunz,18,16,11,15,15,12,,,,,Selina Amsler,Svenja Kunz,,,,,,,,,,,,,Hanna Westerland,Rebecca Mollberg,,,,,,,,,,,,
Silver Bracket,Women's Individual,Bracket A (415 - 418),Quarter-final,Best of 3,FRA - Eydoux/Martin,JPN - Fukuda/Takeno,FRA - Eydoux/Martin,16,14,15,12,,,,,,,Louise Eydoux,Elise Martin,,,,,,,,,,,,,Haruna Takeno,NORIKA FUKUDA,,,,,,,,,,,,
Silver Bracket,Women's Individual,Bracket A (415 - 418),Quarter-final,Best of 3,GBR - Hill-Smith/Troughton,CHI - Ripoll/Mussiett,GBR - Hill-Smith/Troughton,12,15,16,14,15,10,,,,,Ruth Troughton,Emily Hill-Smith,,,,,,,,,,,,,Valeria Ripoll Kameid,Constanza Anais Mussiett Fernández,,,,,,,,,,,,
Silver Bracket,Women's Individual,Bracket A (415 - 418),Quarter-final,Best of 3,JPN - Kawasaki/Matsumoto,ROU - Sencovici/Labonc,ROU - Sencovici/Labonc,12,15,9,15,,,,,,,Aisa Kawasaki,Ayaka Matsumoto,,,,,,,,,,,,,Sabina Labonc,Antonia Sencovici,,,,,,,,,,,,
Silver Bracket,Women's Individual,Bracket A (415 - 418),Semi-final,Best of 3,SUI - Amsler/Kunz,ROU - Sencovici/Labonc,ROU - Sencovici/Labonc,0,1,0,1,,,,,,,Selina Amsler,Svenja Kunz,,,,,,,,,,,,,Sabina Labonc,Antonia Sencovici,,,,,,,,,,,,
Silver Bracket,Women's Individual,Bracket A (415 - 418),Semi-final,Best of 3,FRA - Eydoux/Martin,GBR - Hill-Smith/Troughton,GBR - Hill-Smith/Troughton,0,1,0,1,,,,,,,Louise Eydoux,Elise Martin,,,,,,,,,,,,,Ruth Troughton,Emily Hill-Smith,,,,,,,,,,,,
Silver Bracket,Women's Individual,Bracket A (415 - 418),P5: Semi-final,Single game,JPN - Kawasaki/Matsumoto,SWE - Mollberg/Westerland,SWE - Mollberg/Westerland,1,2,,,,,,,,,Aisa Kawasaki,Ayaka Matsumoto,,,,,,,,,,,,,Hanna Westerland,Rebecca Mollberg,,,,,,,,,,,,
Silver Bracket,Women's Individual,Bracket A (415 - 418),P5: Semi-final,Single game,CHI - Ripoll/Mussiett,JPN - Fukuda/Takeno,CHI - Ripoll/Mussiett,2,1,,,,,,,,,Valeria Ripoll Kameid,Constanza Anais Mussiett Fernández,,,,,,,,,,,,,Haruna Takeno,NORIKA FUKUDA,,,,,,,,,,,,
Silver Bracket,Women's Individual,Bracket A (415 - 418),Final,Best of 3,ROU - Sencovici/Labonc,GBR - Hill-Smith/Troughton,GBR - Hill-Smith/Troughton,12,15,13,15,,,,,,,Sabina Labonc,Antonia Sencovici,,,,,,,,,,,,,Ruth Troughton,Emily Hill-Smith,,,,,,,,,,,,
Silver Bracket,Women's Individual,Bracket A (415 - 418),P5: Final,Single game,SWE - Mollberg/Westerland,CHI - Ripoll/Mussiett,SWE - Mollberg/Westerland,2,1,,,,,,,,,Hanna Westerland,Rebecca Mollberg,,,,,,,,,,,,,Valeria Ripoll Kameid,Constanza Anais Mussiett Fernández,,,,,,,,,,,,
Silver Bracket,Women's Individual,Bracket A (415 - 418),P7: Final,Single game,JPN - Fukuda/Takeno,JPN - Kawasaki/Matsumoto,JPN - Kawasaki/Matsumoto,1,2,,,,,,,,,Haruna Takeno,NORIKA FUKUDA,,,,,,,,,,,,,Aisa Kawasaki,Ayaka Matsumoto,,,,,,,,,,,,
Silver Bracket,Women's Individual,Bracket B (419 - 422),Quarter-final,Best of 3,FIN - Häkkinen/Salmensaari,ESP - Molina/Andreu,FIN - Häkkinen/Salmensaari,16,14,15,10,,,,,,,Jaana Häkkinen,Riikka Salmensaari,,,,,,,,,,,,,Helena Molina Raga,Marta Andreu Dueñas,,,,,,,,,,,,
Silver Bracket,Women's Individual,Bracket B (419 - 422),Quarter-final,Best of 3,CZE - Caltova/Matejkova,BEL - Dumesnil/Jubault,BEL - Dumesnil/Jubault,11,15,13,15,,,,,,,Andrea Matějková,Tereza Caltová,,,,,,,,,,,,,Marie Jubault,Juliette Dumesnil,,,,,,,,,,,,
Silver Bracket,Women's Individual,Bracket B (419 - 422),Quarter-final,Best of 3,ESP - Martin/Villamariz,ITA - Ferragina/Lucchiari,ESP - Martin/Villamariz,21,14,1,0,,,,,,,Raquel Martín Tablado,Sara Villamariz do Nascimento,,,,,,,,,,,,,Marianne Ferragina,Laura Lucchiari,,,,,,,,,,,,
Silver Bracket,Women's Individual,Bracket B (419 - 422),Quarter-final,Best of 3,DEN - Enevoldensen/Sepstrup,CHI - Calderon/Calderon,CHI - Calderon/Calderon,0,1,0,1,,,,,,,Liv Sepstrup,Nadia Enevoldsen,,,,,,,,,,,,,Marietta Calderón,Loreto Calderon,,,,,,,,,,,,
Silver Bracket,Women's Individual,Bracket B (419 - 422),Semi-final,Best of 3,FIN - Häkkinen/Salmensaari,CHI - Calderon/Calderon,FIN - Häkkinen/Salmensaari,16,14,15,11,,,,,,,Jaana Häkkinen,Riikka Salmensaari,,,,,,,,,,,,,Marietta Calderón,Loreto Calderon,,,,,,,,,,,,
Silver Bracket,Women's Individual,Bracket B (419 - 422),Semi-final,Best of 3,BEL - Dumesnil/Jubault,ESP - Martin/Villamariz,ESP - Martin/Villamariz,0,1,19,21,,,,,,,Marie Jubault,Juliette Dumesnil,,,,,,,,,,,,,Raquel Martín Tablado,Sara Villamariz do Nascimento,,,,,,,,,,,,
Silver Bracket,Women's Individual,Bracket B (419 - 422),P5: Semi-final,Single game,DEN - Enevoldensen/Sepstrup,ESP - Molina/Andreu,ESP - Molina/Andreu,0,1,,,,,,,,,Liv Sepstrup,Nadia Enevoldsen,,,,,,,,,,,,,Helena Molina Raga,Marta Andreu Dueñas,,,,,,,,,,,,
Silver Bracket,Women's Individual,Bracket B (419 - 422),P5: Semi-final,Single game,ITA - Ferragina/Lucchiari,CZE - Caltova/Matejkova,CZE - Caltova/Matejkova,0,1,,,,,,,,,Marianne Ferragina,Laura Lucchiari,,,,,,,,,,,,,Andrea Matějková,Tereza Caltová,,,,,,,,,,,,
Silver Bracket,Women's Individual,Bracket B (419 - 422),Final,Best of 3,FIN - Häkkinen/Salmensaari,ESP - Martin/Villamariz,FIN - Häkkinen/Salmensaari,1,0,1,0,,,,,,,Jaana Häkkinen,Riikka Salmensaari,,,,,,,,,,,,,Raquel Martín Tablado,Sara Villamariz do Nascimento,,,,,,,,,,,,
Silver Bracket,Women's Individual,Bracket B (419 - 422),P3: Final,Single game,BEL - Dumesnil/Jubault,CHI - Calderon/Calderon,CHI - Calderon/Calderon,0,1,,,,,,,,,Marie Jubault,Juliette Dumesnil,,,,,,,,,,,,,Marietta Calderón,Loreto Calderon,,,,,,,,,,,,
Silver Bracket,Women's Individual,Bracket B (419 - 422),P5: Final,Single game,ESP - Molina/Andreu,CZE - Caltova/Matejkova,ESP - Molina/Andreu,21,12,,,,,,,,,Helena Molina Raga,Marta Andreu Dueñas,,,,,,,,,,,,,Andrea Matějková,Tereza Caltová,,,,,,,,,,,,
Silver Bracket,Women's Individual,Bracket C (423 - 426),Quarter-final,Best of 3,GBR - Quibell/ Ognjenovic,CZE - Bedrnova/Kourilova,GBR - Quibell/ Ognjenovic,15,6,15,13,,,,,,,Sarah Joy Quibell,Una Ognjenovic,,,,,,,,,,,,,Bětka Kouřilová,Klára Bedrnová,,,,,,,,,,,,
Silver Bracket,Women's Individual,Bracket C (423 - 426),Quarter-final,Best of 3,AUS - Capp/Figg,HKG - Zhu/Chan,AUS - Capp/Figg,15,13,15,9,,,,,,,Mieka Figg,Abbey Capp,,,,,,,,,,,,,Clovis Chan,Julia Zhu,,,,,,,,,,,,
Silver Bracket,Women's Individual,Bracket C (423 - 426),Semi-final,Best of 3,BRA - Santana/Aleixo,AUS - Capp/Figg,BRA - Santana/Aleixo,15,8,15,8,,,,,,,Karolayne Santana,Leticia Aleixo,,,,,,,,,,,,,Mieka Figg,Abbey Capp,,,,,,,,,,,,
Silver Bracket,Women's Individual,Bracket C (423 - 426),Semi-final,Best of 3,SWE - Elmblad/Dahlquist,GBR - Quibell/ Ognjenovic,GBR - Quibell/ Ognjenovic,13,15,16,14,12,15,,,,,Emmy Dahlquist,Klara Elmblad,,,,,,,,,,,,,Sarah Joy Quibell,Una Ognjenovic,,,,,,,,,,,,
Silver Bracket,Women's Individual,Bracket C (423 - 426),Final,Best of 3,BRA - Santana/Aleixo,GBR - Quibell/ Ognjenovic,BRA - Santana/Aleixo,15,8,0,1,15,13,,,,,Karolayne Santana,Leticia Aleixo,,,,,,,,,,,,,Sarah Joy Quibell,Una Ognjenovic,,,,,,,,,,,,
Silver Bracket,Women's Individual,Bracket C (423 - 426),P3: Final,Single game,SWE - Elmblad/Dahlquist,AUS - Capp/Figg,SWE - Elmblad/Dahlquist,21,19,,,,,,,,,Emmy Dahlquist,Klara Elmblad,,,,,,,,,,,,,Mieka Figg,Abbey Capp,,,,,,,,,,,,
Silver Bracket,Women's Individual,Bracket C (423 - 426),P5: Final,Single game,HKG - Zhu/Chan,CZE - Bedrnova/Kourilova,HKG - Zhu/Chan,21,15,,,,,,,,,Clovis Chan,Julia Zhu,,,,,,,,,,,,,Bětka Kouřilová,Klára Bedrnová,,,,,,,,,,,,
Bronze Bracket,Women's Individual,Bracket A (427 - 430),Quarter-final,Best of 3,BRA - Pereira/Barreto,LAT - Jansone/Smilga,BRA - Pereira/Barreto,15,7,15,7,,,,,,,Isabela Pereira,Regiane Barreto,,,,,,,,,,,,,Dārta Smilga,Krista Jansone,,,,,,,,,,,,
Bronze Bracket,Women's Individual,Bracket A (427 - 430),Quarter-final,Best of 3,SUI - Wiedmer/Kunz,TWN - Chen/Kuo,SUI - Wiedmer/Kunz,12,15,15,13,15,11,,,,,Mirjam Wiedmer,Nora Kunz,,,,,,,,,,,,,Mickey Chen,Carina Kuo,,,,,,,,,,,,
Bronze Bracket,Women's Individual,Bracket A (427 - 430),Quarter-final,Best of 3,NED - Dieltjes/Dieltjes,TWN - Lin/Cheng,NED - Dieltjes/Dieltjes,15,13,15,13,,,,,,,Shauny Dieltjes,Shannon Dieltjes,,,,,,,,,,,,,Yuan Yuan Cheng,Jia jing Lin,,,,,,,,,,,,
Bronze Bracket,Women's Individual,Bracket A (427 - 430),Quarter-final,Best of 3,ITA - Patat/Biondini,POL - Filipska/Dalidonis,POL - Filipska/Dalidonis,13,15,15,10,10,15,,,,,Nicole Biondini,Costanza Patat,,,,,,,,,,,,,Małgosia Dalidonis,Maria Filipska,,,,,,,,,,,,
Bronze Bracket,Women's Individual,Bracket A (427 - 430),Semi-final,Best of 3,BRA - Pereira/Barreto,POL - Filipska/Dalidonis,POL - Filipska/Dalidonis,0,1,0,1,,,,,,,Isabela Pereira,Regiane Barreto,,,,,,,,,,,,,Małgosia Dalidonis,Maria Filipska,,,,,,,,,,,,
Bronze Bracket,Women's Individual,Bracket A (427 - 430),Semi-final,Best of 3,SUI - Wiedmer/Kunz,NED - Dieltjes/Dieltjes,NED - Dieltjes/Dieltjes,12,15,9,15,,,,,,,Mirjam Wiedmer,Nora Kunz,,,,,,,,,,,,,Shauny Dieltjes,Shannon Dieltjes,,,,,,,,,,,,
Bronze Bracket,Women's Individual,Bracket A (427 - 430),P5: Semi-final,Single game,ITA - Patat/Biondini,LAT - Jansone/Smilga,ITA - Patat/Biondini,1,0,,,,,,,,,Nicole Biondini,Costanza Patat,,,,,,,,,,,,,Dārta Smilga,Krista Jansone,,,,,,,,,,,,
Bronze Bracket,Women's Individual,Bracket A (427 - 430),P5: Semi-final,Single game,TWN - Lin/Cheng,TWN - Chen/Kuo,TWN - Chen/Kuo,11,21,,,,,,,,,Yuan Yuan Cheng,Jia jing Lin,,,,,,,,,,,,,Mickey Chen,Carina Kuo,,,,,,,,,,,,
Bronze Bracket,Women's Individual,Bracket A (427 - 430),Final,Best of 3,POL - Filipska/Dalidonis,NED - Dieltjes/Dieltjes,NED - Dieltjes/Dieltjes,11,15,12,15,,,,,,,Małgosia Dalidonis,Maria Filipska,,,,,,,,,,,,,Shauny Dieltjes,Shannon Dieltjes,,,,,,,,,,,,
Bronze Bracket,Women's Individual,Bracket A (427 - 430),P3: Final,Single game,SUI - Wiedmer/Kunz,BRA - Pereira/Barreto,SUI - Wiedmer/Kunz,1,0,,,,,,,,,Mirjam Wiedmer,Nora Kunz,,,,,,,,,,,,,Isabela Pereira,Regiane Barreto,,,,,,,,,,,,
Bronze Bracket,Women's Individual,Bracket A (427 - 430),P5: Final,Single game,ITA - Patat/Biondini,TWN - Chen/Kuo,TWN - Chen/Kuo,0,1,,,,,,,,,Nicole Biondini,Costanza Patat,,,,,,,,,,,,,Mickey Chen,Carina Kuo,,,,,,,,,,,,
Bronze Bracket,Women's Individual,Bracket A (427 - 430),P7: Final,Single game,TWN - Lin/Cheng,LAT - Jansone/Smilga,TWN - Lin/Cheng,1,0,,,,,,,,,Yuan Yuan Cheng,Jia jing Lin,,,,,,,,,,,,,Dārta Smilga,Krista Jansone,,,,,,,,,,,,
Bronze Bracket,Women's Individual,Bracket B (431 - 434),Quarter-final,Best of 3,HKG - Chan/Law,MEX - Vega/Garcia,HKG - Chan/Law,16,14,15,9,,,,,,,Reico Chan,Karina Law,,,,,,,,,,,,,Andrea Vega,Mariana García,,,,,,,,,,,,
Bronze Bracket,Women's Individual,Bracket B (431 - 434),Quarter-final,Best of 3,DEN - Fredberg/Hillebro,POL - Wolff/Stawarek,DEN - Fredberg/Hillebro,15,7,15,12,,,,,,,Maja Hillebro,Rikke Fredberg Jørgensen,,,,,,,,,,,,,Pola Wolff,Julia Stawarek,,,,,,,,,,,,
Bronze Bracket,Women's Individual,Bracket B (431 - 434),Quarter-final,Best of 3,NOR - Modalsli/Ordemann Olsen,FIN - Kosonen/Lemettinen,NOR - Modalsli/Ordemann Olsen,15,13,15,10,,,,,,,Andrine Charlotte Ordemann Olsen,Sara Modalsli,,,,,,,,,,,,,Valentina Lemettinen,Emma Kosonen,,,,,,,,,,,,
Bronze Bracket,Women's Individual,Bracket B (431 - 434),Quarter-final,Best of 3,AUS - Griffiths/Lynch,COL - Ramirez/Velez,COL - Ramirez/Velez,19,21,15,12,15,17,,,,,Izzy Lynch,Maddi Griffiths,,,,,,,,,,,,,Natalia VE,Maria Ramirez,,,,,,,,,,,,
Bronze Bracket,Women's Individual,Bracket B (431 - 434),Semi-final,Best of 3,HKG - Chan/Law,COL - Ramirez/Velez,HKG - Chan/Law,14,16,15,13,15,11,,,,,Reico Chan,Karina Law,,,,,,,,,,,,,Natalia VE,Maria Ramirez,,,,,,,,,,,,
Bronze Bracket,Women's Individual,Bracket B (431 - 434),Semi-final,Best of 3,DEN - Fredberg/Hillebro,NOR - Modalsli/Ordemann Olsen,DEN - Fredberg/Hillebro,15,10,15,9,,,,,,,Maja Hillebro,Rikke Fredberg Jørgensen,,,,,,,,,,,,,Andrine Charlotte Ordemann Olsen,Sara Modalsli,,,,,,,,,,,,
Bronze Bracket,Women's Individual,Bracket B (431 - 434),P5: Semi-final,Single game,AUS - Griffiths/Lynch,MEX - Vega/Garcia,AUS - Griffiths/Lynch,21,18,,,,,,,,,Izzy Lynch,Maddi Griffiths,,,,,,,,,,,,,Andrea Vega,Mariana García,,,,,,,,,,,,
Bronze Bracket,Women's Individual,Bracket B (431 - 434),P5: Semi-final,Single game,FIN - Kosonen/Lemettinen,POL - Wolff/Stawarek,POL - Wolff/Stawarek,0,2,,,,,,,,,Valentina Lemettinen,Emma Kosonen,,,,,,,,,,,,,Pola Wolff,Julia Stawarek,,,,,,,,,,,,
Bronze Bracket,Women's Individual,Bracket B (431 - 434),Final,Best of 3,HKG - Chan/Law,DEN - Fredberg/Hillebro,HKG - Chan/Law,15,7,15,7,,,,,,,Reico Chan,Karina Law,,,,,,,,,,,,,Maja Hillebro,Rikke Fredberg Jørgensen,,,,,,,,,,,,
Bronze Bracket,Women's Individual,Bracket B (431 - 434),P3: Final,Single game,NOR - Modalsli/Ordemann Olsen,COL - Ramirez/Velez,NOR - Modalsli/Ordemann Olsen,15,6,,,,,,,,,Andrine Charlotte Ordemann Olsen,Sara Modalsli,,,,,,,,,,,,,Natalia VE,Maria Ramirez,,,,,,,,,,,,
Bronze Bracket,Women's Individual,Bracket B (431 - 434),P5: Final,Single game,AUS - Griffiths/Lynch,POL - Wolff/Stawarek,POL - Wolff/Stawarek,14,21,,,,,,,,,Izzy Lynch,Maddi Griffiths,,,,,,,,,,,,,Pola Wolff,Julia Stawarek,,,,,,,,,,,,
Bronze Bracket,Women's Individual,Bracket B (431 - 434),P7: Final,Single game,FIN - Kosonen/Lemettinen,MEX - Vega/Garcia,MEX - Vega/Garcia,16,21,,,,,,,,,Valentina Lemettinen,Emma Kosonen,,,,,,,,,,,,,Andrea Vega,Mariana García,,,,,,,,,,,,
Bronze Bracket,Women's Individual,Bracket C (435 - 438),Semi-final,Best of 3,LAT - Brauna/Ivanova,MEX - Regalado/Lara,LAT - Brauna/Ivanova,21,18,15,11,,,,,,,Līna Brauna,Zane Ivanova,,,,,,,,,,,,,Ana Fernanda Lara Avila,Andrea Regalado Franco,,,,,,,,,,,,
Bronze Bracket,Women's Individual,Bracket C (435 - 438),Semi-final,Best of 3,EGY - Magd/Nour,NOR - Pavall/ Eilertsen,EGY - Magd/Nour,6,15,15,12,15,6,,,,,Nour Rehan,Magd Gamal,,,,,,,,,,,,,Emilie Sofie Eilertsen,Ronja Pareliussen Pavall,,,,,,,,,,,,
Bronze Bracket,Women's Individual,Bracket C (435 - 438),Final,Best of 3,LAT - Brauna/Ivanova,EGY - Magd/Nour,LAT - Brauna/Ivanova,15,7,15,9,,,,,,,Līna Brauna,Zane Ivanova,,,,,,,,,,,,,Nour Rehan,Magd Gamal,,,,,,,,,,,,
Bronze Bracket,Women's Individual,Bracket C (435 - 438),P3: Final,Single game,NOR - Pavall/ Eilertsen,MEX - Regalado/Lara,MEX - Regalado/Lara,10,21,,,,,,,,,Emilie Sofie Eilertsen,Ronja Pareliussen Pavall,,,,,,,,,,,,,Ana Fernanda Lara Avila,Andrea Regalado Franco,,,,,,,,,,,,
