Stage,Division,Group/Bracket,Round,Match format,Team A,Team B,Winning team,Game 1 - Score team A,Game 1 - Score team B,Game 2 - Score team A,Game 2 - Score team B,Game 3 - Score team A,Game 3 - Score team B,Game 4 - Score team A,Game 4 - Score team B,Game 5 - Score team A,Game 5 - Score team B,Team A - Player 1,Team A - Player 2,Team B - Player 1,Team B - Player 2
Group Stage,Women's Contender,Group A,1,Single game,⚠️ 220 Energy,Marty,⚠️ 220 Energy,15,6,,,,,,,,,Sabina Labonc,Beatrice Tărășilă,Marieke Ettema,Katy Grauenfels
Group Stage,Women's Contender,Group A,1,Single game,WS Kąski,kurz lang defence,WS Kąski,16,14,,,,,,,,,Pola Wolff,Julia Stawarek,Juliana Peer,Hannah Seferovic
Group Stage,Women's Contender,Group B,1,Single game,Coco & Jojo,spontanball,Coco & Jojo,15,4,,,,,,,,,Amely Joly,Constanze Lehner,Simone Weichbold,theresa bürstmayr
Group Stage,Women's Contender,Group B,1,Single game,the assertive two,Love at First Spike,the assertive two,15,7,,,,,,,,,Teresa Stoffl,Angelika Bauer,Sophia Sparr,Elisa Zöhrer
Group Stage,Women's Contender,Group A,2,Single game,⚠️ 220 Energy,kurz lang defence,⚠️ 220 Energy,15,8,,,,,,,,,Sabina Labonc,Beatrice Tărășilă,Juliana Peer,Hannah Seferovic
Group Stage,Women's Contender,Group A,2,Single game,put a ring on it,Marty,put a ring on it,15,4,,,,,,,,,Sara Pungor,Elisabeth Ferstl,Marieke Ettema,Katy Grauenfels
Group Stage,Women's Contender,Group B,2,Single game,Coco & Jojo,Love at First Spike,Coco & Jojo,16,14,,,,,,,,,Amely Joly,Constanze Lehner,Sophia Sparr,Elisa Zöhrer
Group Stage,Women's Contender,Group B,2,Single game,casárea,spontanball,casárea,15,10,,,,,,,,,Andrea Friebe,Cassandra Kremer,Simone Weichbold,theresa bürstmayr
Group Stage,Women's Contender,Group A,3,Single game,⚠️ 220 Energy,put a ring on it,⚠️ 220 Energy,15,6,,,,,,,,,Sabina Labonc,Beatrice Tărășilă,Sara Pungor,Elisabeth Ferstl
Group Stage,Women's Contender,Group A,3,Single game,WS Kąski,Marty,WS Kąski,15,4,,,,,,,,,Pola Wolff,Julia Stawarek,Marieke Ettema,Katy Grauenfels
Group Stage,Women's Contender,Group B,3,Single game,Coco & Jojo,casárea,Coco & Jojo,15,8,,,,,,,,,Amely Joly,Constanze Lehner,Andrea Friebe,Cassandra Kremer
Group Stage,Women's Contender,Group B,3,Single game,the assertive two,spontanball,the assertive two,15,10,,,,,,,,,Teresa Stoffl,Angelika Bauer,Simone Weichbold,theresa bürstmayr
Group Stage,Women's Contender,Group A,4,Single game,WS Kąski,put a ring on it,put a ring on it,12,15,,,,,,,,,Pola Wolff,Julia Stawarek,Sara Pungor,Elisabeth Ferstl
Group Stage,Women's Contender,Group A,4,Single game,kurz lang defence,Marty,kurz lang defence,15,9,,,,,,,,,Juliana Peer,Hannah Seferovic,Marieke Ettema,Katy Grauenfels
Group Stage,Women's Contender,Group B,4,Single game,the assertive two,casárea,casárea,12,15,,,,,,,,,Teresa Stoffl,Angelika Bauer,Andrea Friebe,Cassandra Kremer
Group Stage,Women's Contender,Group B,4,Single game,Love at First Spike,spontanball,Love at First Spike,15,5,,,,,,,,,Sophia Sparr,Elisa Zöhrer,Simone Weichbold,theresa bürstmayr
Group Stage,Women's Contender,Group A,5,Single game,⚠️ 220 Energy,WS Kąski,⚠️ 220 Energy,15,4,,,,,,,,,Sabina Labonc,Beatrice Tărășilă,Pola Wolff,Julia Stawarek
Group Stage,Women's Contender,Group A,5,Single game,put a ring on it,kurz lang defence,put a ring on it,15,6,,,,,,,,,Sara Pungor,Elisabeth Ferstl,Juliana Peer,Hannah Seferovic
Group Stage,Women's Contender,Group B,5,Single game,Coco & Jojo,the assertive two,the assertive two,13,15,,,,,,,,,Amely Joly,Constanze Lehner,Teresa Stoffl,Angelika Bauer
Group Stage,Women's Contender,Group B,5,Single game,casárea,Love at First Spike,Love at First Spike,9,15,,,,,,,,,Andrea Friebe,Cassandra Kremer,Sophia Sparr,Elisa Zöhrer
Group Stage,Women's Contender,Group A,6,Single game,⚠️ 220 Energy,Marty,⚠️ 220 Energy,15,4,,,,,,,,,Sabina Labonc,Beatrice Tărășilă,Marieke Ettema,Katy Grauenfels
Group Stage,Women's Contender,Group A,6,Single game,WS Kąski,kurz lang defence,WS Kąski,15,11,,,,,,,,,Pola Wolff,Julia Stawarek,Juliana Peer,Hannah Seferovic
Group Stage,Women's Contender,Group B,6,Single game,Coco & Jojo,spontanball,Coco & Jojo,15,5,,,,,,,,,Amely Joly,Constanze Lehner,Simone Weichbold,theresa bürstmayr
Group Stage,Women's Contender,Group B,6,Single game,the assertive two,Love at First Spike,the assertive two,15,12,,,,,,,,,Teresa Stoffl,Angelika Bauer,Sophia Sparr,Elisa Zöhrer
Group Stage,Women's Contender,Group A,7,Single game,⚠️ 220 Energy,kurz lang defence,⚠️ 220 Energy,15,2,,,,,,,,,Sabina Labonc,Beatrice Tărășilă,Juliana Peer,Hannah Seferovic
Group Stage,Women's Contender,Group A,7,Single game,put a ring on it,Marty,put a ring on it,15,2,,,,,,,,,Sara Pungor,Elisabeth Ferstl,Marieke Ettema,Katy Grauenfels
Group Stage,Women's Contender,Group B,7,Single game,Coco & Jojo,Love at First Spike,Coco & Jojo,15,9,,,,,,,,,Amely Joly,Constanze Lehner,Sophia Sparr,Elisa Zöhrer
Group Stage,Women's Contender,Group B,7,Single game,casárea,spontanball,casárea,15,2,,,,,,,,,Andrea Friebe,Cassandra Kremer,Simone Weichbold,theresa bürstmayr
Group Stage,Women's Contender,Group A,8,Single game,⚠️ 220 Energy,put a ring on it,⚠️ 220 Energy,15,6,,,,,,,,,Sabina Labonc,Beatrice Tărășilă,Sara Pungor,Elisabeth Ferstl
Group Stage,Women's Contender,Group A,8,Single game,WS Kąski,Marty,WS Kąski,15,11,,,,,,,,,Pola Wolff,Julia Stawarek,Marieke Ettema,Katy Grauenfels
Group Stage,Women's Contender,Group B,8,Single game,Coco & Jojo,casárea,casárea,15,17,,,,,,,,,Amely Joly,Constanze Lehner,Andrea Friebe,Cassandra Kremer
Group Stage,Women's Contender,Group B,8,Single game,the assertive two,spontanball,the assertive two,15,3,,,,,,,,,Teresa Stoffl,Angelika Bauer,Simone Weichbold,theresa bürstmayr
Group Stage,Women's Contender,Group A,9,Single game,WS Kąski,put a ring on it,put a ring on it,10,15,,,,,,,,,Pola Wolff,Julia Stawarek,Sara Pungor,Elisabeth Ferstl
Group Stage,Women's Contender,Group A,9,Single game,kurz lang defence,Marty,kurz lang defence,15,7,,,,,,,,,Juliana Peer,Hannah Seferovic,Marieke Ettema,Katy Grauenfels
Group Stage,Women's Contender,Group B,9,Single game,the assertive two,casárea,the assertive two,15,12,,,,,,,,,Teresa Stoffl,Angelika Bauer,Andrea Friebe,Cassandra Kremer
Group Stage,Women's Contender,Group B,9,Single game,Love at First Spike,spontanball,Love at First Spike,15,9,,,,,,,,,Sophia Sparr,Elisa Zöhrer,Simone Weichbold,theresa bürstmayr
Group Stage,Women's Contender,Group A,10,Single game,⚠️ 220 Energy,WS Kąski,⚠️ 220 Energy,15,7,,,,,,,,,Sabina Labonc,Beatrice Tărășilă,Pola Wolff,Julia Stawarek
Group Stage,Women's Contender,Group A,10,Single game,put a ring on it,kurz lang defence,put a ring on it,15,8,,,,,,,,,Sara Pungor,Elisabeth Ferstl,Juliana Peer,Hannah Seferovic
Group Stage,Women's Contender,Group B,10,Single game,Coco & Jojo,the assertive two,the assertive two,7,15,,,,,,,,,Amely Joly,Constanze Lehner,Teresa Stoffl,Angelika Bauer
Group Stage,Women's Contender,Group B,10,Single game,casárea,Love at First Spike,Love at First Spike,13,15,,,,,,,,,Andrea Friebe,Cassandra Kremer,Sophia Sparr,Elisa Zöhrer
Bracket Stage,Women's Contender,Bracket A,Round of 16,Best of 3,kurz lang defence,spontanball,kurz lang defence,5,15,15,9,15,13,,,,,Juliana Peer,Hannah Seferovic,Simone Weichbold,theresa bürstmayr
Bracket Stage,Women's Contender,Bracket A,Round of 16,Best of 3,Love at First Spike,Marty,Love at First Spike,15,3,15,8,,,,,,,Sophia Sparr,Elisa Zöhrer,Marieke Ettema,Katy Grauenfels
Bracket Stage,Women's Contender,Bracket A,Quarter-final,Best of 3,⚠️ 220 Energy,Love at First Spike,⚠️ 220 Energy,15,8,15,9,,,,,,,Sabina Labonc,Beatrice Tărășilă,Sophia Sparr,Elisa Zöhrer
Bracket Stage,Women's Contender,Bracket A,Quarter-final,Best of 3,the assertive two,kurz lang defence,the assertive two,15,5,15,7,,,,,,,Teresa Stoffl,Angelika Bauer,Juliana Peer,Hannah Seferovic
Bracket Stage,Women's Contender,Bracket A,Quarter-final,Best of 3,put a ring on it,casárea,casárea,13,15,16,14,8,15,,,,,Sara Pungor,Elisabeth Ferstl,Andrea Friebe,Cassandra Kremer
Bracket Stage,Women's Contender,Bracket A,Quarter-final,Best of 3,Coco & Jojo,WS Kąski,Coco & Jojo,15,3,15,7,,,,,,,Amely Joly,Constanze Lehner,Pola Wolff,Julia Stawarek
Bracket Stage,Women's Contender,Bracket A,Semi-final,Best of 3,⚠️ 220 Energy,Coco & Jojo,⚠️ 220 Energy,21,17,21,18,,,,,,,Sabina Labonc,Beatrice Tărășilă,Amely Joly,Constanze Lehner
Bracket Stage,Women's Contender,Bracket A,Semi-final,Best of 3,the assertive two,casárea,the assertive two,21,17,21,14,,,,,,,Teresa Stoffl,Angelika Bauer,Andrea Friebe,Cassandra Kremer
Bracket Stage,Women's Contender,Bracket A,P5: Semi-final,Single game,WS Kąski,Love at First Spike,Love at First Spike,1,2,,,,,,,,,Pola Wolff,Julia Stawarek,Sophia Sparr,Elisa Zöhrer
Bracket Stage,Women's Contender,Bracket A,P5: Semi-final,Single game,put a ring on it,kurz lang defence,put a ring on it,21,12,,,,,,,,,Sara Pungor,Elisabeth Ferstl,Juliana Peer,Hannah Seferovic
Bracket Stage,Women's Contender,Bracket A,Final,Best of 3,⚠️ 220 Energy,the assertive two,the assertive two,16,21,18,21,,,,,,,Sabina Labonc,Beatrice Tărășilă,Teresa Stoffl,Angelika Bauer
Bracket Stage,Women's Contender,Bracket A,P3: Final,Best of 3,casárea,Coco & Jojo,Coco & Jojo,21,16,9,21,7,21,,,,,Andrea Friebe,Cassandra Kremer,Amely Joly,Constanze Lehner
Bracket Stage,Women's Contender,Bracket A,P5: Final,Single game,Love at First Spike,put a ring on it,Love at First Spike,2,1,,,,,,,,,Sophia Sparr,Elisa Zöhrer,Sara Pungor,Elisabeth Ferstl
Bracket Stage,Women's Contender,Bracket A,P7: Final,Single game,kurz lang defence,WS Kąski,WS Kąski,1,2,,,,,,,,,Juliana Peer,Hannah Seferovic,Pola Wolff,Julia Stawarek
Bracket Stage,Women's Contender,Bracket A,P9: Final,Single game,Marty,spontanball,spontanball,11,15,,,,,,,,,Marieke Ettema,Katy Grauenfels,Simone Weichbold,theresa bürstmayr
Group Stage,Open Pro,Group A,1,Single game,Call-Center,Pickle and Peanut,Call-Center,21,15,,,,,,,,,Nelson Dziruni,Scott Beeks,Max Łochowski,Sebastiano Guerra
Group Stage,Open Pro,Group A,1,Single game,Asylum,Les Cœurs de Guerriers,Asylum,21,16,,,,,,,,,Pol Loutsch,David Leidenfrost,Benjamin Bachler,Tom Eynard
Group Stage,Open Pro,Group B,1,Single game,The T stands for Trash,TBD,TBD,16,21,,,,,,,,,Jaroslav Čabala,Stefan Handschmann,Jakub Víšek,Max Jansson
Group Stage,Open Pro,Group B,1,Single game,BIG,Full Send,BIG,21,16,,,,,,,,,Ondrej Cejka,Gabriel Stoisser,Mathias Gangkofner,Johannes Mitterwald
Group Stage,Open Pro,Group A,2,Single game,Call-Center,Les Cœurs de Guerriers,Call-Center,21,17,,,,,,,,,Nelson Dziruni,Scott Beeks,Benjamin Bachler,Tom Eynard
Group Stage,Open Pro,Group A,2,Single game,Asylum,Pickle and Peanut,Asylum,22,20,,,,,,,,,Pol Loutsch,David Leidenfrost,Max Łochowski,Sebastiano Guerra
Group Stage,Open Pro,Group B,2,Single game,The T stands for Trash,Full Send,The T stands for Trash,21,15,,,,,,,,,Jaroslav Čabala,Stefan Handschmann,Mathias Gangkofner,Johannes Mitterwald
Group Stage,Open Pro,Group B,2,Single game,BIG,TBD,TBD,22,24,,,,,,,,,Ondrej Cejka,Gabriel Stoisser,Jakub Víšek,Max Jansson
Group Stage,Open Pro,Group A,3,Single game,Call-Center,Asylum,Call-Center,21,9,,,,,,,,,Nelson Dziruni,Scott Beeks,Pol Loutsch,David Leidenfrost
Group Stage,Open Pro,Group A,3,Single game,Les Cœurs de Guerriers,Pickle and Peanut,Les Cœurs de Guerriers,21,17,,,,,,,,,Benjamin Bachler,Tom Eynard,Max Łochowski,Sebastiano Guerra
Group Stage,Open Pro,Group B,3,Single game,The T stands for Trash,BIG,BIG,12,21,,,,,,,,,Jaroslav Čabala,Stefan Handschmann,Ondrej Cejka,Gabriel Stoisser
Group Stage,Open Pro,Group B,3,Single game,Full Send,TBD,TBD,16,21,,,,,,,,,Mathias Gangkofner,Johannes Mitterwald,Jakub Víšek,Max Jansson
Group Stage,Open Pro,Group A,4,Single game,Call-Center,Pickle and Peanut,Call-Center,21,18,,,,,,,,,Nelson Dziruni,Scott Beeks,Max Łochowski,Sebastiano Guerra
Group Stage,Open Pro,Group A,4,Single game,Asylum,Les Cœurs de Guerriers,Les Cœurs de Guerriers,19,21,,,,,,,,,Pol Loutsch,David Leidenfrost,Benjamin Bachler,Tom Eynard
Group Stage,Open Pro,Group B,4,Single game,The T stands for Trash,TBD,TBD,19,21,,,,,,,,,Jaroslav Čabala,Stefan Handschmann,Jakub Víšek,Max Jansson
Group Stage,Open Pro,Group B,4,Single game,BIG,Full Send,BIG,21,14,,,,,,,,,Ondrej Cejka,Gabriel Stoisser,Mathias Gangkofner,Johannes Mitterwald
Group Stage,Open Pro,Group A,5,Single game,Call-Center,Les Cœurs de Guerriers,Call-Center,21,18,,,,,,,,,Nelson Dziruni,Scott Beeks,Benjamin Bachler,Tom Eynard
Group Stage,Open Pro,Group A,5,Single game,Asylum,Pickle and Peanut,Pickle and Peanut,18,21,,,,,,,,,Pol Loutsch,David Leidenfrost,Max Łochowski,Sebastiano Guerra
Group Stage,Open Pro,Group B,5,Single game,The T stands for Trash,Full Send,The T stands for Trash,21,18,,,,,,,,,Jaroslav Čabala,Stefan Handschmann,Mathias Gangkofner,Johannes Mitterwald
Group Stage,Open Pro,Group B,5,Single game,BIG,TBD,BIG,21,14,,,,,,,,,Ondrej Cejka,Gabriel Stoisser,Jakub Víšek,Max Jansson
Group Stage,Open Pro,Group A,6,Single game,Call-Center,Asylum,Call-Center,21,11,,,,,,,,,Nelson Dziruni,Scott Beeks,Pol Loutsch,David Leidenfrost
Group Stage,Open Pro,Group A,6,Single game,Les Cœurs de Guerriers,Pickle and Peanut,Les Cœurs de Guerriers,23,21,,,,,,,,,Benjamin Bachler,Tom Eynard,Max Łochowski,Sebastiano Guerra
Group Stage,Open Pro,Group B,6,Single game,The T stands for Trash,BIG,BIG,15,21,,,,,,,,,Jaroslav Čabala,Stefan Handschmann,Ondrej Cejka,Gabriel Stoisser
Group Stage,Open Pro,Group B,6,Single game,Full Send,TBD,Full Send,21,18,,,,,,,,,Mathias Gangkofner,Johannes Mitterwald,Jakub Víšek,Max Jansson
Bracket Stage,Open Pro,Bracket A,Quarter-final,Best of 3,Call-Center,Full Send,Call-Center,21,12,21,15,,,,,,,Nelson Dziruni,Scott Beeks,Mathias Gangkofner,Johannes Mitterwald
Bracket Stage,Open Pro,Bracket A,Quarter-final,Best of 3,BIG,Pickle and Peanut,BIG,21,19,21,16,,,,,,,Ondrej Cejka,Gabriel Stoisser,Max Łochowski,Sebastiano Guerra
Bracket Stage,Open Pro,Bracket A,Quarter-final,Best of 3,Les Cœurs de Guerriers,The T stands for Trash,The T stands for Trash,12,21,21,18,9,21,,,,,Benjamin Bachler,Tom Eynard,Jaroslav Čabala,Stefan Handschmann
Bracket Stage,Open Pro,Bracket A,Quarter-final,Best of 3,TBD,Asylum,TBD,21,16,23,21,,,,,,,Jakub Víšek,Max Jansson,Pol Loutsch,David Leidenfrost
Bracket Stage,Open Pro,Bracket A,Semi-final,Best of 3,Call-Center,TBD,Call-Center,21,17,21,18,,,,,,,Nelson Dziruni,Scott Beeks,Jakub Víšek,Max Jansson
Bracket Stage,Open Pro,Bracket A,Semi-final,Best of 3,BIG,The T stands for Trash,BIG,21,18,9,21,21,12,,,,,Ondrej Cejka,Gabriel Stoisser,Jaroslav Čabala,Stefan Handschmann
Bracket Stage,Open Pro,Bracket A,P5: Semi-final,Single game,Asylum,Full Send,Asylum,21,19,,,,,,,,,Pol Loutsch,David Leidenfrost,Mathias Gangkofner,Johannes Mitterwald
Bracket Stage,Open Pro,Bracket A,P5: Semi-final,Single game,Les Cœurs de Guerriers,Pickle and Peanut,Pickle and Peanut,17,21,,,,,,,,,Benjamin Bachler,Tom Eynard,Max Łochowski,Sebastiano Guerra
Bracket Stage,Open Pro,Bracket A,Final,Best of 3,Call-Center,BIG,Call-Center,21,16,18,21,21,6,,,,,Nelson Dziruni,Scott Beeks,Ondrej Cejka,Gabriel Stoisser
Bracket Stage,Open Pro,Bracket A,P3: Final,Best of 3,The T stands for Trash,TBD,TBD,21,14,19,21,20,22,,,,,Jaroslav Čabala,Stefan Handschmann,Jakub Víšek,Max Jansson
Bracket Stage,Open Pro,Bracket A,P5: Final,Single game,Asylum,Pickle and Peanut,Asylum,21,12,,,,,,,,,Pol Loutsch,David Leidenfrost,Max Łochowski,Sebastiano Guerra
Bracket Stage,Open Pro,Bracket A,P7: Final,Single game,Les Cœurs de Guerriers,Full Send,Les Cœurs de Guerriers,17,15,,,,,,,,,Benjamin Bachler,Tom Eynard,Mathias Gangkofner,Johannes Mitterwald
Group Stage,Open Contender,Group A,1,Single game,WaWaWeeWa,Certified Spikopaths,WaWaWeeWa,15,4,,,,,,,,,Fabian Hagen,Maher Saadeddin,Botond Horváth,Jakab Bede
Group Stage,Open Contender,Group A,1,Single game,Athletisch unauffällig,CELL,Athletisch unauffällig,15,13,,,,,,,,,Omar Rezk,Se Sa,Szabó-Temple Márk,Zoltán Péter Barna
Group Stage,Open Contender,Group B,1,Single game,Angry Reds,Netzminister,Angry Reds,15,10,,,,,,,,,Justin Weitl,Jakub Popluhar,Marwin Gusel,romeo sareshgi
Group Stage,Open Contender,Group C,1,Single game,Chip n Dale Energy,Andi/Tobi,Andi/Tobi,10,15,,,,,,,,,Razvan Ogrean,Ciprian Bizdideanu,Tobias Stadler,Andreas Reisenhofer
Group Stage,Open Contender,Group C,1,Single game,Kein Schnickschnack,Lennie+1,Kein Schnickschnack,15,11,,,,,,,,,Stefan Weiner,Jonas Adamer,Leonard Heypke,Matthias Huber
Group Stage,Open Contender,Group D,1,Single game,PRO ATHLETES,Mixed Feelings,PRO ATHLETES,15,6,,,,,,,,,Alberto Amato,Irian Baert,Gabriel Gasser,Theresa Schaufler
Group Stage,Open Contender,Group D,1,Single game,Aerials,Athletic Andey & Magic Mike,Aerials,15,8,,,,,,,,,Paul Weber,Marko Barbir,Andi Gjergji,Michael Hudimast
Group Stage,Open Contender,Group E,1,Single game,Popcorn Energy,Iced Lemon Tea,Popcorn Energy,15,10,,,,,,,,,Madalin Popa,Vlad Cornoiu,Daniela Kadlec,Jorge Donayre
Group Stage,Open Contender,Group E,1,Single game,Doped Up Dolphins,Servivors,Doped Up Dolphins,15,5,,,,,,,,,Gerardo Goar,Tabriz Popatia,Emanuel Brandl,Niki Seifert
Group Stage,Open Contender,Group F,1,Single game,The last Boomballer,Flick Serviert,The last Boomballer,15,9,,,,,,,,,Laurenz Miller,Albin Janko,David Adamer,Liam Hiscox
Group Stage,Open Contender,Group F,1,Single game,Maximaler Winkel,Mio mit Mate,Maximaler Winkel,15,12,,,,,,,,,Paul Gerrit Winkler,Maximilian Knoll,Mio Martens,Julian Rotter
Group Stage,Open Contender,Group A,2,Single game,WaWaWeeWa,CELL,WaWaWeeWa,15,6,,,,,,,,,Fabian Hagen,Maher Saadeddin,Szabó-Temple Márk,Zoltán Péter Barna
Group Stage,Open Contender,Group A,2,Single game,Athletisch unauffällig,Certified Spikopaths,Athletisch unauffällig,15,12,,,,,,,,,Omar Rezk,Se Sa,Botond Horváth,Jakab Bede
Group Stage,Open Contender,Group B,2,Single game,RCG ChrisTops,Netzminister,RCG ChrisTops,15,11,,,,,,,,,Thomas Pschaid,Christoph Lorenzoni,Marwin Gusel,romeo sareshgi
Group Stage,Open Contender,Group C,2,Single game,Chip n Dale Energy,Lennie+1,Chip n Dale Energy,15,11,,,,,,,,,Razvan Ogrean,Ciprian Bizdideanu,Leonard Heypke,Matthias Huber
Group Stage,Open Contender,Group C,2,Single game,Kein Schnickschnack,Andi/Tobi,Andi/Tobi,12,15,,,,,,,,,Stefan Weiner,Jonas Adamer,Tobias Stadler,Andreas Reisenhofer
Group Stage,Open Contender,Group D,2,Single game,PRO ATHLETES,Athletic Andey & Magic Mike,PRO ATHLETES,15,13,,,,,,,,,Alberto Amato,Irian Baert,Andi Gjergji,Michael Hudimast
Group Stage,Open Contender,Group D,2,Single game,Aerials,Mixed Feelings,Aerials,15,8,,,,,,,,,Paul Weber,Marko Barbir,Gabriel Gasser,Theresa Schaufler
Group Stage,Open Contender,Group E,2,Single game,Popcorn Energy,Servivors,Popcorn Energy,15,4,,,,,,,,,Madalin Popa,Vlad Cornoiu,Emanuel Brandl,Niki Seifert
Group Stage,Open Contender,Group E,2,Single game,Doped Up Dolphins,Iced Lemon Tea,Iced Lemon Tea,12,15,,,,,,,,,Gerardo Goar,Tabriz Popatia,Daniela Kadlec,Jorge Donayre
Group Stage,Open Contender,Group F,2,Single game,The last Boomballer,Mio mit Mate,Mio mit Mate,12,15,,,,,,,,,Laurenz Miller,Albin Janko,Mio Martens,Julian Rotter
Group Stage,Open Contender,Group F,2,Single game,Maximaler Winkel,Flick Serviert,Maximaler Winkel,15,9,,,,,,,,,Paul Gerrit Winkler,Maximilian Knoll,David Adamer,Liam Hiscox
Group Stage,Open Contender,Group A,3,Single game,WaWaWeeWa,Athletisch unauffällig,WaWaWeeWa,15,8,,,,,,,,,Fabian Hagen,Maher Saadeddin,Omar Rezk,Se Sa
Group Stage,Open Contender,Group A,3,Single game,CELL,Certified Spikopaths,Certified Spikopaths,13,15,,,,,,,,,Szabó-Temple Márk,Zoltán Péter Barna,Botond Horváth,Jakab Bede
Group Stage,Open Contender,Group B,3,Single game,RCG ChrisTops,Angry Reds,RCG ChrisTops,15,12,,,,,,,,,Thomas Pschaid,Christoph Lorenzoni,Justin Weitl,Jakub Popluhar
Group Stage,Open Contender,Group C,3,Single game,Chip n Dale Energy,Kein Schnickschnack,Chip n Dale Energy,15,13,,,,,,,,,Razvan Ogrean,Ciprian Bizdideanu,Stefan Weiner,Jonas Adamer
Group Stage,Open Contender,Group C,3,Single game,Lennie+1,Andi/Tobi,Lennie+1,15,13,,,,,,,,,Leonard Heypke,Matthias Huber,Tobias Stadler,Andreas Reisenhofer
Group Stage,Open Contender,Group D,3,Single game,PRO ATHLETES,Aerials,Aerials,8,15,,,,,,,,,Alberto Amato,Irian Baert,Paul Weber,Marko Barbir
Group Stage,Open Contender,Group D,3,Single game,Athletic Andey & Magic Mike,Mixed Feelings,Mixed Feelings,13,15,,,,,,,,,Andi Gjergji,Michael Hudimast,Gabriel Gasser,Theresa Schaufler
Group Stage,Open Contender,Group E,3,Single game,Popcorn Energy,Doped Up Dolphins,Doped Up Dolphins,12,15,,,,,,,,,Madalin Popa,Vlad Cornoiu,Gerardo Goar,Tabriz Popatia
Group Stage,Open Contender,Group E,3,Single game,Servivors,Iced Lemon Tea,Iced Lemon Tea,7,15,,,,,,,,,Emanuel Brandl,Niki Seifert,Daniela Kadlec,Jorge Donayre
Group Stage,Open Contender,Group F,3,Single game,The last Boomballer,Maximaler Winkel,Maximaler Winkel,7,15,,,,,,,,,Laurenz Miller,Albin Janko,Paul Gerrit Winkler,Maximilian Knoll
Group Stage,Open Contender,Group F,3,Single game,Mio mit Mate,Flick Serviert,Mio mit Mate,15,9,,,,,,,,,Mio Martens,Julian Rotter,David Adamer,Liam Hiscox
Group Stage,Open Contender,Group A,4,Single game,WaWaWeeWa,Certified Spikopaths,WaWaWeeWa,15,10,,,,,,,,,Fabian Hagen,Maher Saadeddin,Botond Horváth,Jakab Bede
Group Stage,Open Contender,Group A,4,Single game,Athletisch unauffällig,CELL,CELL,13,15,,,,,,,,,Omar Rezk,Se Sa,Szabó-Temple Márk,Zoltán Péter Barna
Group Stage,Open Contender,Group B,4,Single game,Angry Reds,Netzminister,Angry Reds,15,11,,,,,,,,,Justin Weitl,Jakub Popluhar,Marwin Gusel,romeo sareshgi
Group Stage,Open Contender,Group C,4,Single game,Chip n Dale Energy,Andi/Tobi,Chip n Dale Energy,15,10,,,,,,,,,Razvan Ogrean,Ciprian Bizdideanu,Tobias Stadler,Andreas Reisenhofer
Group Stage,Open Contender,Group C,4,Single game,Kein Schnickschnack,Lennie+1,Lennie+1,13,15,,,,,,,,,Stefan Weiner,Jonas Adamer,Leonard Heypke,Matthias Huber
Group Stage,Open Contender,Group D,4,Single game,PRO ATHLETES,Mixed Feelings,PRO ATHLETES,15,12,,,,,,,,,Alberto Amato,Irian Baert,Gabriel Gasser,Theresa Schaufler
Group Stage,Open Contender,Group D,4,Single game,Aerials,Athletic Andey & Magic Mike,Aerials,15,11,,,,,,,,,Paul Weber,Marko Barbir,Andi Gjergji,Michael Hudimast
Group Stage,Open Contender,Group E,4,Single game,Popcorn Energy,Iced Lemon Tea,Iced Lemon Tea,12,15,,,,,,,,,Madalin Popa,Vlad Cornoiu,Daniela Kadlec,Jorge Donayre
Group Stage,Open Contender,Group E,4,Single game,Doped Up Dolphins,Servivors,Doped Up Dolphins,15,2,,,,,,,,,Gerardo Goar,Tabriz Popatia,Emanuel Brandl,Niki Seifert
Group Stage,Open Contender,Group F,4,Single game,The last Boomballer,Flick Serviert,The last Boomballer,21,19,,,,,,,,,Laurenz Miller,Albin Janko,David Adamer,Liam Hiscox
Group Stage,Open Contender,Group F,4,Single game,Maximaler Winkel,Mio mit Mate,Maximaler Winkel,15,11,,,,,,,,,Paul Gerrit Winkler,Maximilian Knoll,Mio Martens,Julian Rotter
Group Stage,Open Contender,Group A,5,Single game,WaWaWeeWa,CELL,WaWaWeeWa,15,9,,,,,,,,,Fabian Hagen,Maher Saadeddin,Szabó-Temple Márk,Zoltán Péter Barna
Group Stage,Open Contender,Group A,5,Single game,Athletisch unauffällig,Certified Spikopaths,Athletisch unauffällig,15,8,,,,,,,,,Omar Rezk,Se Sa,Botond Horváth,Jakab Bede
Group Stage,Open Contender,Group B,5,Single game,RCG ChrisTops,Netzminister,RCG ChrisTops,15,9,,,,,,,,,Thomas Pschaid,Christoph Lorenzoni,Marwin Gusel,romeo sareshgi
Group Stage,Open Contender,Group C,5,Single game,Chip n Dale Energy,Lennie+1,Chip n Dale Energy,15,10,,,,,,,,,Razvan Ogrean,Ciprian Bizdideanu,Leonard Heypke,Matthias Huber
Group Stage,Open Contender,Group C,5,Single game,Kein Schnickschnack,Andi/Tobi,Kein Schnickschnack,16,14,,,,,,,,,Stefan Weiner,Jonas Adamer,Tobias Stadler,Andreas Reisenhofer
Group Stage,Open Contender,Group D,5,Single game,PRO ATHLETES,Athletic Andey & Magic Mike,PRO ATHLETES,15,11,,,,,,,,,Alberto Amato,Irian Baert,Andi Gjergji,Michael Hudimast
Group Stage,Open Contender,Group D,5,Single game,Aerials,Mixed Feelings,Aerials,15,11,,,,,,,,,Paul Weber,Marko Barbir,Gabriel Gasser,Theresa Schaufler
Group Stage,Open Contender,Group E,5,Single game,Popcorn Energy,Servivors,Popcorn Energy,15,5,,,,,,,,,Madalin Popa,Vlad Cornoiu,Emanuel Brandl,Niki Seifert
Group Stage,Open Contender,Group E,5,Single game,Doped Up Dolphins,Iced Lemon Tea,Doped Up Dolphins,15,7,,,,,,,,,Gerardo Goar,Tabriz Popatia,Daniela Kadlec,Jorge Donayre
Group Stage,Open Contender,Group F,5,Single game,The last Boomballer,Mio mit Mate,The last Boomballer,17,15,,,,,,,,,Laurenz Miller,Albin Janko,Mio Martens,Julian Rotter
Group Stage,Open Contender,Group F,5,Single game,Maximaler Winkel,Flick Serviert,Maximaler Winkel,19,17,,,,,,,,,Paul Gerrit Winkler,Maximilian Knoll,David Adamer,Liam Hiscox
Group Stage,Open Contender,Group A,6,Single game,WaWaWeeWa,Athletisch unauffällig,WaWaWeeWa,15,7,,,,,,,,,Fabian Hagen,Maher Saadeddin,Omar Rezk,Se Sa
Group Stage,Open Contender,Group A,6,Single game,CELL,Certified Spikopaths,CELL,15,10,,,,,,,,,Szabó-Temple Márk,Zoltán Péter Barna,Botond Horváth,Jakab Bede
Group Stage,Open Contender,Group B,6,Single game,RCG ChrisTops,Angry Reds,RCG ChrisTops,15,9,,,,,,,,,Thomas Pschaid,Christoph Lorenzoni,Justin Weitl,Jakub Popluhar
Group Stage,Open Contender,Group C,6,Single game,Chip n Dale Energy,Kein Schnickschnack,Chip n Dale Energy,15,9,,,,,,,,,Razvan Ogrean,Ciprian Bizdideanu,Stefan Weiner,Jonas Adamer
Group Stage,Open Contender,Group C,6,Single game,Lennie+1,Andi/Tobi,Lennie+1,15,11,,,,,,,,,Leonard Heypke,Matthias Huber,Tobias Stadler,Andreas Reisenhofer
Group Stage,Open Contender,Group D,6,Single game,PRO ATHLETES,Aerials,Aerials,13,15,,,,,,,,,Alberto Amato,Irian Baert,Paul Weber,Marko Barbir
Group Stage,Open Contender,Group D,6,Single game,Athletic Andey & Magic Mike,Mixed Feelings,Athletic Andey & Magic Mike,21,20,,,,,,,,,Andi Gjergji,Michael Hudimast,Gabriel Gasser,Theresa Schaufler
Group Stage,Open Contender,Group E,6,Single game,Popcorn Energy,Doped Up Dolphins,Popcorn Energy,15,11,,,,,,,,,Madalin Popa,Vlad Cornoiu,Gerardo Goar,Tabriz Popatia
Group Stage,Open Contender,Group E,6,Single game,Servivors,Iced Lemon Tea,Iced Lemon Tea,6,15,,,,,,,,,Emanuel Brandl,Niki Seifert,Daniela Kadlec,Jorge Donayre
Group Stage,Open Contender,Group F,6,Single game,The last Boomballer,Maximaler Winkel,Maximaler Winkel,7,15,,,,,,,,,Laurenz Miller,Albin Janko,Paul Gerrit Winkler,Maximilian Knoll
Group Stage,Open Contender,Group F,6,Single game,Mio mit Mate,Flick Serviert,Mio mit Mate,15,9,,,,,,,,,Mio Martens,Julian Rotter,David Adamer,Liam Hiscox
Bracket Stage,Open Contender,Bracket A,Round of 32,Best of 3,Angry Reds,Servivors,Angry Reds,15,4,15,5,,,,,,,Justin Weitl,Jakub Popluhar,Emanuel Brandl,Niki Seifert
Bracket Stage,Open Contender,Bracket A,Round of 32,Best of 3,Mio mit Mate,Flick Serviert,Mio mit Mate,21,19,15,12,,,,,,,Mio Martens,Julian Rotter,David Adamer,Liam Hiscox
Bracket Stage,Open Contender,Bracket A,Round of 32,Best of 3,Athletisch unauffällig,Certified Spikopaths,Athletisch unauffällig,15,13,15,8,,,,,,,Omar Rezk,Se Sa,Botond Horváth,Jakab Bede
Bracket Stage,Open Contender,Bracket A,Round of 32,Best of 3,Lennie+1,Mixed Feelings,Lennie+1,15,11,15,11,,,,,,,Leonard Heypke,Matthias Huber,Gabriel Gasser,Theresa Schaufler
Bracket Stage,Open Contender,Bracket A,Round of 32,Best of 3,The last Boomballer,Athletic Andey & Magic Mike,The last Boomballer,15,10,13,15,17,15,,,,,Laurenz Miller,Albin Janko,Andi Gjergji,Michael Hudimast
Bracket Stage,Open Contender,Bracket A,Round of 32,Best of 3,Andi/Tobi,Netzminister,Andi/Tobi,15,13,15,11,,,,,,,Tobias Stadler,Andreas Reisenhofer,Marwin Gusel,romeo sareshgi
Bracket Stage,Open Contender,Bracket A,Round of 32,Best of 3,Kein Schnickschnack,CELL,Kein Schnickschnack,15,6,15,10,,,,,,,Stefan Weiner,Jonas Adamer,Szabó-Temple Márk,Zoltán Péter Barna
Bracket Stage,Open Contender,Bracket A,Round of 16,Best of 3,WaWaWeeWa,Kein Schnickschnack,WaWaWeeWa,15,6,15,9,,,,,,,Fabian Hagen,Maher Saadeddin,Stefan Weiner,Jonas Adamer
Bracket Stage,Open Contender,Bracket A,Round of 16,Best of 3,Maximaler Winkel,Andi/Tobi,Maximaler Winkel,15,12,15,10,,,,,,,Paul Gerrit Winkler,Maximilian Knoll,Tobias Stadler,Andreas Reisenhofer
Bracket Stage,Open Contender,Bracket A,Round of 16,Best of 3,Aerials,The last Boomballer,Aerials,17,15,15,11,,,,,,,Paul Weber,Marko Barbir,Laurenz Miller,Albin Janko
Bracket Stage,Open Contender,Bracket A,Round of 16,Best of 3,RCG ChrisTops,Lennie+1,RCG ChrisTops,15,13,15,10,,,,,,,Thomas Pschaid,Christoph Lorenzoni,Leonard Heypke,Matthias Huber
Bracket Stage,Open Contender,Bracket A,Round of 16,Best of 3,Chip n Dale Energy,Athletisch unauffällig,Chip n Dale Energy,15,12,15,11,,,,,,,Razvan Ogrean,Ciprian Bizdideanu,Omar Rezk,Se Sa
Bracket Stage,Open Contender,Bracket A,Round of 16,Best of 3,Doped Up Dolphins,Mio mit Mate,Doped Up Dolphins,15,10,16,18,21,19,,,,,Gerardo Goar,Tabriz Popatia,Mio Martens,Julian Rotter
Bracket Stage,Open Contender,Bracket A,Round of 16,Best of 3,Popcorn Energy,Angry Reds,Angry Reds,11,15,11,15,,,,,,,Madalin Popa,Vlad Cornoiu,Justin Weitl,Jakub Popluhar
Bracket Stage,Open Contender,Bracket A,Round of 16,Best of 3,Iced Lemon Tea,PRO ATHLETES,PRO ATHLETES,9,15,21,20,14,16,,,,,Daniela Kadlec,Jorge Donayre,Alberto Amato,Irian Baert
Bracket Stage,Open Contender,Bracket A,Quarter-final,Best of 3,WaWaWeeWa,PRO ATHLETES,WaWaWeeWa,15,13,15,13,,,,,,,Fabian Hagen,Maher Saadeddin,Alberto Amato,Irian Baert
Bracket Stage,Open Contender,Bracket A,Quarter-final,Best of 3,Maximaler Winkel,Angry Reds,Maximaler Winkel,15,11,15,13,,,,,,,Paul Gerrit Winkler,Maximilian Knoll,Justin Weitl,Jakub Popluhar
Bracket Stage,Open Contender,Bracket A,Quarter-final,Best of 3,Aerials,Doped Up Dolphins,Doped Up Dolphins,15,11,12,15,17,19,,,,,Paul Weber,Marko Barbir,Gerardo Goar,Tabriz Popatia
Bracket Stage,Open Contender,Bracket A,Quarter-final,Best of 3,RCG ChrisTops,Chip n Dale Energy,RCG ChrisTops,15,10,15,13,,,,,,,Thomas Pschaid,Christoph Lorenzoni,Razvan Ogrean,Ciprian Bizdideanu
Bracket Stage,Open Contender,Bracket A,P9: Quarter-final,Single game,Iced Lemon Tea,Kein Schnickschnack,Iced Lemon Tea,21,16,,,,,,,,,Daniela Kadlec,Jorge Donayre,Stefan Weiner,Jonas Adamer
Bracket Stage,Open Contender,Bracket A,P9: Quarter-final,Single game,Popcorn Energy,Andi/Tobi,Andi/Tobi,0,1,,,,,,,,,Madalin Popa,Vlad Cornoiu,Tobias Stadler,Andreas Reisenhofer
Bracket Stage,Open Contender,Bracket A,P9: Quarter-final,Single game,Mio mit Mate,The last Boomballer,Mio mit Mate,15,10,,,,,,,,,Mio Martens,Julian Rotter,Laurenz Miller,Albin Janko
Bracket Stage,Open Contender,Bracket A,P9: Quarter-final,Single game,Athletisch unauffällig,Lennie+1,Lennie+1,20,21,,,,,,,,,Omar Rezk,Se Sa,Leonard Heypke,Matthias Huber
Bracket Stage,Open Contender,Bracket A,P17: Quarter-final,Single game,Netzminister,Servivors,Netzminister,2,0,,,,,,,,,Marwin Gusel,romeo sareshgi,Emanuel Brandl,Niki Seifert
Bracket Stage,Open Contender,Bracket A,P17: Quarter-final,Single game,Athletic Andey & Magic Mike,Flick Serviert,Flick Serviert,1,2,,,,,,,,,Andi Gjergji,Michael Hudimast,David Adamer,Liam Hiscox
Bracket Stage,Open Contender,Bracket A,P17: Quarter-final,Single game,Mixed Feelings,Certified Spikopaths,Mixed Feelings,2,0,,,,,,,,,Gabriel Gasser,Theresa Schaufler,Botond Horváth,Jakab Bede
Bracket Stage,Open Contender,Bracket A,Semi-final,Best of 3,WaWaWeeWa,RCG ChrisTops,WaWaWeeWa,21,14,21,18,,,,,,,Fabian Hagen,Maher Saadeddin,Thomas Pschaid,Christoph Lorenzoni
Bracket Stage,Open Contender,Bracket A,Semi-final,Best of 3,Maximaler Winkel,Doped Up Dolphins,Maximaler Winkel,21,10,21,14,,,,,,,Paul Gerrit Winkler,Maximilian Knoll,Gerardo Goar,Tabriz Popatia
Bracket Stage,Open Contender,Bracket A,P5: Semi-final,Single game,Chip n Dale Energy,PRO ATHLETES,PRO ATHLETES,18,21,,,,,,,,,Razvan Ogrean,Ciprian Bizdideanu,Alberto Amato,Irian Baert
Bracket Stage,Open Contender,Bracket A,P5: Semi-final,Single game,Aerials,Angry Reds,Angry Reds,19,21,,,,,,,,,Paul Weber,Marko Barbir,Justin Weitl,Jakub Popluhar
Bracket Stage,Open Contender,Bracket A,P9: Semi-final,Single game,Iced Lemon Tea,Lennie+1,Iced Lemon Tea,15,9,,,,,,,,,Daniela Kadlec,Jorge Donayre,Leonard Heypke,Matthias Huber
Bracket Stage,Open Contender,Bracket A,P13: Semi-final,Single game,Athletisch unauffällig,Kein Schnickschnack,Kein Schnickschnack,14,21,,,,,,,,,Omar Rezk,Se Sa,Stefan Weiner,Jonas Adamer
Bracket Stage,Open Contender,Bracket A,P17: Semi-final,Single game,CELL,Mixed Feelings,Mixed Feelings,0,2,,,,,,,,,Szabó-Temple Márk,Zoltán Péter Barna,Gabriel Gasser,Theresa Schaufler
Bracket Stage,Open Contender,Bracket A,P17: Semi-final,Single game,Netzminister,Flick Serviert,Netzminister,2,0,,,,,,,,,Marwin Gusel,romeo sareshgi,David Adamer,Liam Hiscox
Bracket Stage,Open Contender,Bracket A,P21: Semi-final,Single game,Athletic Andey & Magic Mike,Servivors,Athletic Andey & Magic Mike,2,1,,,,,,,,,Andi Gjergji,Michael Hudimast,Emanuel Brandl,Niki Seifert
Bracket Stage,Open Contender,Bracket A,Final,Best of 3,WaWaWeeWa,Maximaler Winkel,Maximaler Winkel,18,21,21,18,12,15,,,,,Fabian Hagen,Maher Saadeddin,Paul Gerrit Winkler,Maximilian Knoll
Bracket Stage,Open Contender,Bracket A,P3: Final,Best of 3,Doped Up Dolphins,RCG ChrisTops,RCG ChrisTops,11,15,7,15,,,,,,,Gerardo Goar,Tabriz Popatia,Thomas Pschaid,Christoph Lorenzoni
Bracket Stage,Open Contender,Bracket A,P5: Final,Single game,PRO ATHLETES,Angry Reds,Angry Reds,18,21,,,,,,,,,Alberto Amato,Irian Baert,Justin Weitl,Jakub Popluhar
Bracket Stage,Open Contender,Bracket A,P7: Final,Single game,Aerials,Chip n Dale Energy,Aerials,1,0,,,,,,,,,Paul Weber,Marko Barbir,Razvan Ogrean,Ciprian Bizdideanu
Bracket Stage,Open Contender,Bracket A,P17: Final,Single game,Mixed Feelings,Netzminister,Netzminister,0,2,,,,,,,,,Gabriel Gasser,Theresa Schaufler,Marwin Gusel,romeo sareshgi
Bracket Stage,Open Contender,Bracket A,P19: Final,Single game,Flick Serviert,CELL,Flick Serviert,2,0,,,,,,,,,David Adamer,Liam Hiscox,Szabó-Temple Márk,Zoltán Péter Barna
Group Stage,Open Advanced,Group A,1,Single game,Fürsten Varabollix,Wiese,Wiese,14,21,,,,,,,,,Andreas Bolling,Mick Varadi,Leon Knauder,Fabian Wiesinger
Group Stage,Open Advanced,Group A,1,Single game,Spikergang,Unknown,Spikergang,21,14,,,,,,,,,Sandro Dickbauer,Julius Focke,Jakob Geyer,Tim Phan Quoc
Group Stage,Open Advanced,Group B,1,Single game,Nothing in pocket,Roundnet Traunviertel,Roundnet Traunviertel,10,21,,,,,,,,,Marcell Ujvári,Samu Németh,Felix Krenn,Konstantin Pata
Group Stage,Open Advanced,Group B,1,Single game,Rashball Spezialisten,Laroomba,Rashball Spezialisten,21,19,,,,,,,,,Lukas Liedl,Andi Flatscher,Alexandros Poulopoulos,Antonios Psallidas
Group Stage,Open Advanced,Group A,2,Single game,Fürsten Varabollix,Unknown,Unknown,15,21,,,,,,,,,Andreas Bolling,Mick Varadi,Jakob Geyer,Tim Phan Quoc
Group Stage,Open Advanced,Group A,2,Single game,Spikergang,Wiese,Spikergang,21,10,,,,,,,,,Sandro Dickbauer,Julius Focke,Leon Knauder,Fabian Wiesinger
Group Stage,Open Advanced,Group B,2,Single game,Nothing in pocket,Laroomba,Nothing in pocket,21,17,,,,,,,,,Marcell Ujvári,Samu Németh,Alexandros Poulopoulos,Antonios Psallidas
Group Stage,Open Advanced,Group B,2,Single game,Rashball Spezialisten,Roundnet Traunviertel,Roundnet Traunviertel,10,21,,,,,,,,,Lukas Liedl,Andi Flatscher,Felix Krenn,Konstantin Pata
Group Stage,Open Advanced,Group A,3,Single game,Fürsten Varabollix,Spikergang,Spikergang,15,21,,,,,,,,,Andreas Bolling,Mick Varadi,Sandro Dickbauer,Julius Focke
Group Stage,Open Advanced,Group A,3,Single game,Unknown,Wiese,Unknown,25,24,,,,,,,,,Jakob Geyer,Tim Phan Quoc,Leon Knauder,Fabian Wiesinger
Group Stage,Open Advanced,Group B,3,Single game,Nothing in pocket,Rashball Spezialisten,Nothing in pocket,21,17,,,,,,,,,Marcell Ujvári,Samu Németh,Lukas Liedl,Andi Flatscher
Group Stage,Open Advanced,Group B,3,Single game,Laroomba,Roundnet Traunviertel,Roundnet Traunviertel,21,23,,,,,,,,,Alexandros Poulopoulos,Antonios Psallidas,Felix Krenn,Konstantin Pata
Group Stage,Open Advanced,Group A,4,Single game,Fürsten Varabollix,Wiese,Wiese,16,21,,,,,,,,,Andreas Bolling,Mick Varadi,Leon Knauder,Fabian Wiesinger
Group Stage,Open Advanced,Group A,4,Single game,Spikergang,Unknown,Spikergang,21,12,,,,,,,,,Sandro Dickbauer,Julius Focke,Jakob Geyer,Tim Phan Quoc
Group Stage,Open Advanced,Group B,4,Single game,Nothing in pocket,Roundnet Traunviertel,Roundnet Traunviertel,19,21,,,,,,,,,Marcell Ujvári,Samu Németh,Felix Krenn,Konstantin Pata
Group Stage,Open Advanced,Group B,4,Single game,Rashball Spezialisten,Laroomba,Laroomba,19,21,,,,,,,,,Lukas Liedl,Andi Flatscher,Alexandros Poulopoulos,Antonios Psallidas
Group Stage,Open Advanced,Group A,5,Single game,Fürsten Varabollix,Unknown,Unknown,18,21,,,,,,,,,Andreas Bolling,Mick Varadi,Jakob Geyer,Tim Phan Quoc
Group Stage,Open Advanced,Group A,5,Single game,Spikergang,Wiese,Spikergang,21,16,,,,,,,,,Sandro Dickbauer,Julius Focke,Leon Knauder,Fabian Wiesinger
Group Stage,Open Advanced,Group B,5,Single game,Nothing in pocket,Laroomba,Laroomba,18,21,,,,,,,,,Marcell Ujvári,Samu Németh,Alexandros Poulopoulos,Antonios Psallidas
Group Stage,Open Advanced,Group B,5,Single game,Rashball Spezialisten,Roundnet Traunviertel,Roundnet Traunviertel,10,21,,,,,,,,,Lukas Liedl,Andi Flatscher,Felix Krenn,Konstantin Pata
Group Stage,Open Advanced,Group A,6,Single game,Fürsten Varabollix,Spikergang,Spikergang,22,24,,,,,,,,,Andreas Bolling,Mick Varadi,Sandro Dickbauer,Julius Focke
Group Stage,Open Advanced,Group A,6,Single game,Unknown,Wiese,Unknown,21,19,,,,,,,,,Jakob Geyer,Tim Phan Quoc,Leon Knauder,Fabian Wiesinger
Group Stage,Open Advanced,Group B,6,Single game,Nothing in pocket,Rashball Spezialisten,Nothing in pocket,21,18,,,,,,,,,Marcell Ujvári,Samu Németh,Lukas Liedl,Andi Flatscher
Group Stage,Open Advanced,Group B,6,Single game,Laroomba,Roundnet Traunviertel,Roundnet Traunviertel,18,21,,,,,,,,,Alexandros Poulopoulos,Antonios Psallidas,Felix Krenn,Konstantin Pata
Bracket Stage,Open Advanced,Bracket A,Quarter-final,Best of 3,Spikergang,Rashball Spezialisten,Spikergang,21,15,21,12,,,,,,,Sandro Dickbauer,Julius Focke,Lukas Liedl,Andi Flatscher
Bracket Stage,Open Advanced,Bracket A,Quarter-final,Best of 3,Roundnet Traunviertel,Fürsten Varabollix,Roundnet Traunviertel,21,18,21,11,,,,,,,Felix Krenn,Konstantin Pata,Andreas Bolling,Mick Varadi
Bracket Stage,Open Advanced,Bracket A,Quarter-final,Best of 3,Unknown,Laroomba,Unknown,21,18,25,23,,,,,,,Jakob Geyer,Tim Phan Quoc,Alexandros Poulopoulos,Antonios Psallidas
Bracket Stage,Open Advanced,Bracket A,Quarter-final,Best of 3,Nothing in pocket,Wiese,Nothing in pocket,21,10,21,10,,,,,,,Marcell Ujvári,Samu Németh,Leon Knauder,Fabian Wiesinger
Bracket Stage,Open Advanced,Bracket A,Semi-final,Best of 3,Spikergang,Nothing in pocket,Spikergang,21,15,21,13,,,,,,,Sandro Dickbauer,Julius Focke,Marcell Ujvári,Samu Németh
Bracket Stage,Open Advanced,Bracket A,Semi-final,Best of 3,Roundnet Traunviertel,Unknown,Roundnet Traunviertel,14,21,21,14,21,18,,,,,Felix Krenn,Konstantin Pata,Jakob Geyer,Tim Phan Quoc
Bracket Stage,Open Advanced,Bracket A,P5: Semi-final,Single game,Wiese,Rashball Spezialisten,Wiese,1,0,,,,,,,,,Leon Knauder,Fabian Wiesinger,Lukas Liedl,Andi Flatscher
Bracket Stage,Open Advanced,Bracket A,P5: Semi-final,Single game,Laroomba,Fürsten Varabollix,Fürsten Varabollix,0,1,,,,,,,,,Alexandros Poulopoulos,Antonios Psallidas,Andreas Bolling,Mick Varadi
Bracket Stage,Open Advanced,Bracket A,Final,Best of 3,Spikergang,Roundnet Traunviertel,Spikergang,21,14,21,17,,,,,,,Sandro Dickbauer,Julius Focke,Felix Krenn,Konstantin Pata
Bracket Stage,Open Advanced,Bracket A,P3: Final,Best of 3,Unknown,Nothing in pocket,Unknown,21,15,28,26,,,,,,,Jakob Geyer,Tim Phan Quoc,Marcell Ujvári,Samu Németh
Bracket Stage,Open Advanced,Bracket A,P7: Final,Single game,Laroomba,Rashball Spezialisten,Laroomba,2,0,,,,,,,,,Alexandros Poulopoulos,Antonios Psallidas,Lukas Liedl,Andi Flatscher
Group Stage,Open Intermediate,Group A,1,Single game,Kvart Caffe Tešanj,Die Kanocher Buam,Kvart Caffe Tešanj,21,16,,,,,,,,,Almin Karapandzic,Amar Bukvić,Daniel Pagger,Jan Hösele
Group Stage,Open Intermediate,Group A,1,Single game,CrMoV,Bajkeracija Tešanj,Bajkeracija Tešanj,12,21,,,,,,,,,Michael Meister,Matthias Gürtler,Ensar Ćostović,Ensar Prnjavorac
Group Stage,Open Intermediate,Group B,1,Single game,Fetzig,Zlatarna Dar  Tešanj,Fetzig,21,17,,,,,,,,,Daniel Fett,Jonas Glieder,Ahmed Agic,Mirza Bašalić
Group Stage,Open Intermediate,Group B,1,Single game,Harbabara,Obnova Tešanj,Harbabara,21,4,,,,,,,,,Martin Sauermoser,Mario Harb,Sabit Bavrk,Nedim Omahić
Group Stage,Open Intermediate,Group A,2,Single game,Kvart Caffe Tešanj,Bajkeracija Tešanj,Kvart Caffe Tešanj,21,18,,,,,,,,,Almin Karapandzic,Amar Bukvić,Ensar Ćostović,Ensar Prnjavorac
Group Stage,Open Intermediate,Group A,2,Single game,CrMoV,Die Kanocher Buam,CrMoV,21,9,,,,,,,,,Michael Meister,Matthias Gürtler,Daniel Pagger,Jan Hösele
Group Stage,Open Intermediate,Group B,2,Single game,Fetzig,Obnova Tešanj,Fetzig,21,14,,,,,,,,,Daniel Fett,Jonas Glieder,Sabit Bavrk,Nedim Omahić
Group Stage,Open Intermediate,Group B,2,Single game,Harbabara,Zlatarna Dar  Tešanj,Harbabara,21,5,,,,,,,,,Martin Sauermoser,Mario Harb,Ahmed Agic,Mirza Bašalić
Group Stage,Open Intermediate,Group A,3,Single game,Kvart Caffe Tešanj,CrMoV,CrMoV,14,21,,,,,,,,,Almin Karapandzic,Amar Bukvić,Michael Meister,Matthias Gürtler
Group Stage,Open Intermediate,Group A,3,Single game,Bajkeracija Tešanj,Die Kanocher Buam,Bajkeracija Tešanj,21,6,,,,,,,,,Ensar Ćostović,Ensar Prnjavorac,Daniel Pagger,Jan Hösele
Group Stage,Open Intermediate,Group B,3,Single game,Fetzig,Harbabara,Harbabara,10,21,,,,,,,,,Daniel Fett,Jonas Glieder,Martin Sauermoser,Mario Harb
Group Stage,Open Intermediate,Group B,3,Single game,Obnova Tešanj,Zlatarna Dar  Tešanj,Zlatarna Dar  Tešanj,19,21,,,,,,,,,Sabit Bavrk,Nedim Omahić,Ahmed Agic,Mirza Bašalić
Group Stage,Open Intermediate,Group A,4,Single game,Kvart Caffe Tešanj,Die Kanocher Buam,Kvart Caffe Tešanj,21,6,,,,,,,,,Almin Karapandzic,Amar Bukvić,Daniel Pagger,Jan Hösele
Group Stage,Open Intermediate,Group A,4,Single game,CrMoV,Bajkeracija Tešanj,Bajkeracija Tešanj,19,21,,,,,,,,,Michael Meister,Matthias Gürtler,Ensar Ćostović,Ensar Prnjavorac
Group Stage,Open Intermediate,Group B,4,Single game,Fetzig,Zlatarna Dar  Tešanj,Fetzig,21,19,,,,,,,,,Daniel Fett,Jonas Glieder,Ahmed Agic,Mirza Bašalić
Group Stage,Open Intermediate,Group B,4,Single game,Harbabara,Obnova Tešanj,Harbabara,21,9,,,,,,,,,Martin Sauermoser,Mario Harb,Sabit Bavrk,Nedim Omahić
Group Stage,Open Intermediate,Group A,5,Single game,Kvart Caffe Tešanj,Bajkeracija Tešanj,Bajkeracija Tešanj,16,21,,,,,,,,,Almin Karapandzic,Amar Bukvić,Ensar Ćostović,Ensar Prnjavorac
Group Stage,Open Intermediate,Group A,5,Single game,CrMoV,Die Kanocher Buam,CrMoV,21,17,,,,,,,,,Michael Meister,Matthias Gürtler,Daniel Pagger,Jan Hösele
Group Stage,Open Intermediate,Group B,5,Single game,Fetzig,Obnova Tešanj,Fetzig,21,16,,,,,,,,,Daniel Fett,Jonas Glieder,Sabit Bavrk,Nedim Omahić
Group Stage,Open Intermediate,Group B,5,Single game,Harbabara,Zlatarna Dar  Tešanj,Harbabara,21,9,,,,,,,,,Martin Sauermoser,Mario Harb,Ahmed Agic,Mirza Bašalić
Group Stage,Open Intermediate,Group A,6,Single game,Kvart Caffe Tešanj,CrMoV,CrMoV,15,21,,,,,,,,,Almin Karapandzic,Amar Bukvić,Michael Meister,Matthias Gürtler
Group Stage,Open Intermediate,Group A,6,Single game,Bajkeracija Tešanj,Die Kanocher Buam,Bajkeracija Tešanj,21,8,,,,,,,,,Ensar Ćostović,Ensar Prnjavorac,Daniel Pagger,Jan Hösele
Group Stage,Open Intermediate,Group B,6,Single game,Fetzig,Harbabara,Harbabara,11,21,,,,,,,,,Daniel Fett,Jonas Glieder,Martin Sauermoser,Mario Harb
Group Stage,Open Intermediate,Group B,6,Single game,Obnova Tešanj,Zlatarna Dar  Tešanj,Zlatarna Dar  Tešanj,19,21,,,,,,,,,Sabit Bavrk,Nedim Omahić,Ahmed Agic,Mirza Bašalić
Bracket Stage,Open Intermediate,Bracket A,Quarter-final,Best of 3,Bajkeracija Tešanj,Obnova Tešanj,Bajkeracija Tešanj,21,19,21,17,,,,,,,Ensar Ćostović,Ensar Prnjavorac,Sabit Bavrk,Nedim Omahić
Bracket Stage,Open Intermediate,Bracket A,Quarter-final,Best of 3,Harbabara,Die Kanocher Buam,Harbabara,1,0,1,0,,,,,,,Martin Sauermoser,Mario Harb,Daniel Pagger,Jan Hösele
Bracket Stage,Open Intermediate,Bracket A,Quarter-final,Best of 3,CrMoV,Zlatarna Dar  Tešanj,CrMoV,21,12,21,18,,,,,,,Michael Meister,Matthias Gürtler,Ahmed Agic,Mirza Bašalić
Bracket Stage,Open Intermediate,Bracket A,Quarter-final,Best of 3,Fetzig,Kvart Caffe Tešanj,Fetzig,21,7,21,7,,,,,,,Daniel Fett,Jonas Glieder,Almin Karapandzic,Amar Bukvić
Bracket Stage,Open Intermediate,Bracket A,Semi-final,Best of 3,Bajkeracija Tešanj,Fetzig,Bajkeracija Tešanj,21,19,21,17,,,,,,,Ensar Ćostović,Ensar Prnjavorac,Daniel Fett,Jonas Glieder
Bracket Stage,Open Intermediate,Bracket A,Semi-final,Best of 3,Harbabara,CrMoV,Harbabara,21,12,21,9,,,,,,,Martin Sauermoser,Mario Harb,Michael Meister,Matthias Gürtler
Bracket Stage,Open Intermediate,Bracket A,P5: Semi-final,Single game,Kvart Caffe Tešanj,Obnova Tešanj,Kvart Caffe Tešanj,21,3,,,,,,,,,Almin Karapandzic,Amar Bukvić,Sabit Bavrk,Nedim Omahić
Bracket Stage,Open Intermediate,Bracket A,P5: Semi-final,Single game,Zlatarna Dar  Tešanj,Die Kanocher Buam,Zlatarna Dar  Tešanj,21,10,,,,,,,,,Ahmed Agic,Mirza Bašalić,Daniel Pagger,Jan Hösele
Bracket Stage,Open Intermediate,Bracket A,Final,Best of 3,Bajkeracija Tešanj,Harbabara,Harbabara,12,21,21,17,17,21,,,,,Ensar Ćostović,Ensar Prnjavorac,Martin Sauermoser,Mario Harb
Bracket Stage,Open Intermediate,Bracket A,P3: Final,Best of 3,CrMoV,Fetzig,Fetzig,17,21,19,21,,,,,,,Michael Meister,Matthias Gürtler,Daniel Fett,Jonas Glieder
Bracket Stage,Open Intermediate,Bracket A,P5: Final,Single game,Kvart Caffe Tešanj,Zlatarna Dar  Tešanj,Kvart Caffe Tešanj,21,9,,,,,,,,,Almin Karapandzic,Amar Bukvić,Ahmed Agic,Mirza Bašalić
