Stage,Division,Group/Bracket,Round,Match format,Team A,Team B,Winning team,Game 1 - Score team A,Game 1 - Score team B,Game 2 - Score team A,Game 2 - Score team B,Game 3 - Score team A,Game 3 - Score team B,Team A - Player 1,Team A - Player 2,Team A - Player 3,Team A - Player 4,Team B - Player 1,Team B - Player 2,Team B - Player 3,Team B - Player 4
Group Stage,Open Pro,Group A,1,Single game,Triple X,Off Grid Grinders,Triple X,15,13,,,,,Laura Kunzelmann,Paul Siemer,,,Georg Seiffarth,Pascal Schlosser,,
Group Stage,Open Pro,Group A,1,Single game,Roundnet Palombie,Find the surname,Roundnet Palombie,15,13,,,,,Yanis Bouchemoua,Aymeric Sandoz,,,Roman Peter,Yannick Robert,,
Group Stage,Open Pro,Group B,1,Single game,NEM - Bazzani/Borsotti,Willy Wonka,NEM - Bazzani/Borsotti,15,14,,,,,Andrea Borsotti,Nicola Bazzani,,,Rasmus Pr√ºfer,Emil Gr√∂nebaum,,
Group Stage,Open Pro,Group B,1,Single game,Smile,TWN - Peng / Chen,Smile,15,7,,,,,Gabriel Stoisser,Felix Millton,,,Oriol Gonzalez,S√∏ren H√∏y,,
Group Stage,Open Pro,Group C,1,Single game,Pour sophie,OussaMa√´,Pour sophie,15,10,,,,,Dorian Am√©ziane,Louis Mareschal,,,Ma√´lig Potiau,Oussama Tchita,,
Group Stage,Open Pro,Group C,1,Single game,Pipino,BRRRAS,BRRRAS,3,15,,,,,Giacomo Merlin,riccardo mercadini,,,Lucas Alexandre Rohrbach,Mathias Felipe Rios Rohrbach,,
Group Stage,Open Pro,Group D,1,Single game,Zwaffle everyone,Anderle/Petersen,Zwaffle everyone,15,8,,,,,Robin Florinda,Levi Vandaele,,,Markus Anderle,Jan Petersen,,
Group Stage,Open Pro,Group D,1,Single game,Package E?,Leidenfrost/Perriraz,Leidenfrost/Perriraz,12,15,,,,,Erik Borja Forschner Mitre,Marcos Bermudez Muratel,,,Nicolas Perriraz,David Leidenfrost,,
Group Stage,Open Pro,Group E,1,Single game,Le Spiko de Familia,put ons,Le Spiko de Familia,15,7,,,,,Andreas Christensen,Kasper S√∏vndal,,,Dominik Moritz,Aleksandrs Ju≈°ka,,
Group Stage,Open Pro,Group F,1,Single game,Misty Moonshot,Minor,Misty Moonshot,15,11,,,,,Th√©o Vanh Hemelryck,Pierre Lecrosnier,,,Max Jansson,Paul Halphen,,
Group Stage,Open Pro,Group G,1,Single game,nerds in disguise,TV Time,nerds in disguise,15,10,,,,,Stefan Handschmann,David Jindra,,,Frederik Theunis,Gauthier Vandamme,,
Group Stage,Open Pro,Group A,2,Single game,Triple X,Find the surname,Triple X,15,9,,,,,Laura Kunzelmann,Paul Siemer,,,Roman Peter,Yannick Robert,,
Group Stage,Open Pro,Group A,2,Single game,Roundnet Palombie,Off Grid Grinders,Off Grid Grinders,11,15,,,,,Yanis Bouchemoua,Aymeric Sandoz,,,Georg Seiffarth,Pascal Schlosser,,
Group Stage,Open Pro,Group B,2,Single game,NEM - Bazzani/Borsotti,TWN - Peng / Chen,NEM - Bazzani/Borsotti,15,8,,,,,Andrea Borsotti,Nicola Bazzani,,,Oriol Gonzalez,S√∏ren H√∏y,,
Group Stage,Open Pro,Group B,2,Single game,Smile,Willy Wonka,Willy Wonka,7,15,,,,,Gabriel Stoisser,Felix Millton,,,Rasmus Pr√ºfer,Emil Gr√∂nebaum,,
Group Stage,Open Pro,Group C,2,Single game,Pour sophie,BRRRAS,BRRRAS,14,15,,,,,Dorian Am√©ziane,Louis Mareschal,,,Lucas Alexandre Rohrbach,Mathias Felipe Rios Rohrbach,,
Group Stage,Open Pro,Group C,2,Single game,Pipino,OussaMa√´,OussaMa√´,14,15,,,,,Giacomo Merlin,riccardo mercadini,,,Ma√´lig Potiau,Oussama Tchita,,
Group Stage,Open Pro,Group D,2,Single game,Zwaffle everyone,Leidenfrost/Perriraz,Zwaffle everyone,15,6,,,,,Robin Florinda,Levi Vandaele,,,Nicolas Perriraz,David Leidenfrost,,
Group Stage,Open Pro,Group D,2,Single game,Package E?,Anderle/Petersen,Anderle/Petersen,12,15,,,,,Erik Borja Forschner Mitre,Marcos Bermudez Muratel,,,Markus Anderle,Jan Petersen,,
Group Stage,Open Pro,Group E,2,Single game,Le Spiko de Familia,BigBoys,Le Spiko de Familia,15,11,,,,,Andreas Christensen,Kasper S√∏vndal,,,Luca Tosatti,Matteo Sacchini,,
Group Stage,Open Pro,Group F,2,Single game,Misty Moonshot,Christiani/Harder,Misty Moonshot,15,9,,,,,Th√©o Vanh Hemelryck,Pierre Lecrosnier,,,Jonathan Harder,Lucas Christiani,,
Group Stage,Open Pro,Group G,2,Single game,nerds in disguise,üñïüîÑ,üñïüîÑ,13,15,,,,,Stefan Handschmann,David Jindra,,,Tim Bichler,Marcus Gauterin,,
Group Stage,Open Pro,Group A,3,Single game,Triple X,Roundnet Palombie,Triple X,15,11,,,,,Laura Kunzelmann,Paul Siemer,,,Yanis Bouchemoua,Aymeric Sandoz,,
Group Stage,Open Pro,Group A,3,Single game,Find the surname,Off Grid Grinders,Off Grid Grinders,11,15,,,,,Roman Peter,Yannick Robert,,,Georg Seiffarth,Pascal Schlosser,,
Group Stage,Open Pro,Group B,3,Single game,NEM - Bazzani/Borsotti,Smile,NEM - Bazzani/Borsotti,15,12,,,,,Andrea Borsotti,Nicola Bazzani,,,Gabriel Stoisser,Felix Millton,,
Group Stage,Open Pro,Group B,3,Single game,TWN - Peng / Chen,Willy Wonka,Willy Wonka,10,15,,,,,Oriol Gonzalez,S√∏ren H√∏y,,,Rasmus Pr√ºfer,Emil Gr√∂nebaum,,
Group Stage,Open Pro,Group C,3,Single game,Pour sophie,Pipino,Pour sophie,15,11,,,,,Dorian Am√©ziane,Louis Mareschal,,,Giacomo Merlin,riccardo mercadini,,
Group Stage,Open Pro,Group C,3,Single game,BRRRAS,OussaMa√´,OussaMa√´,12,15,,,,,Lucas Alexandre Rohrbach,Mathias Felipe Rios Rohrbach,,,Ma√´lig Potiau,Oussama Tchita,,
Group Stage,Open Pro,Group D,3,Single game,Zwaffle everyone,Package E?,Zwaffle everyone,15,9,,,,,Robin Florinda,Levi Vandaele,,,Erik Borja Forschner Mitre,Marcos Bermudez Muratel,,
Group Stage,Open Pro,Group D,3,Single game,Leidenfrost/Perriraz,Anderle/Petersen,Anderle/Petersen,14,15,,,,,Nicolas Perriraz,David Leidenfrost,,,Markus Anderle,Jan Petersen,,
Group Stage,Open Pro,Group E,3,Single game,BigBoys,put ons,BigBoys,15,9,,,,,Luca Tosatti,Matteo Sacchini,,,Dominik Moritz,Aleksandrs Ju≈°ka,,
Group Stage,Open Pro,Group F,3,Single game,Christiani/Harder,Minor,Christiani/Harder,15,5,,,,,Jonathan Harder,Lucas Christiani,,,Max Jansson,Paul Halphen,,
Group Stage,Open Pro,Group G,3,Single game,üñïüîÑ,TV Time,üñïüîÑ,15,14,,,,,Tim Bichler,Marcus Gauterin,,,Frederik Theunis,Gauthier Vandamme,,
Group Stage,Open Pro,Group A,4,Single game,Triple X,Off Grid Grinders,Triple X,15,8,,,,,Laura Kunzelmann,Paul Siemer,,,Georg Seiffarth,Pascal Schlosser,,
Group Stage,Open Pro,Group A,4,Single game,Roundnet Palombie,Find the surname,Find the surname,10,15,,,,,Yanis Bouchemoua,Aymeric Sandoz,,,Roman Peter,Yannick Robert,,
Group Stage,Open Pro,Group B,4,Single game,NEM - Bazzani/Borsotti,Willy Wonka,NEM - Bazzani/Borsotti,15,10,,,,,Andrea Borsotti,Nicola Bazzani,,,Rasmus Pr√ºfer,Emil Gr√∂nebaum,,
Group Stage,Open Pro,Group B,4,Single game,Smile,TWN - Peng / Chen,Smile,15,3,,,,,Gabriel Stoisser,Felix Millton,,,Oriol Gonzalez,S√∏ren H√∏y,,
Group Stage,Open Pro,Group C,4,Single game,Pour sophie,OussaMa√´,Pour sophie,15,7,,,,,Dorian Am√©ziane,Louis Mareschal,,,Ma√´lig Potiau,Oussama Tchita,,
Group Stage,Open Pro,Group C,4,Single game,Pipino,BRRRAS,BRRRAS,12,15,,,,,Giacomo Merlin,riccardo mercadini,,,Lucas Alexandre Rohrbach,Mathias Felipe Rios Rohrbach,,
Group Stage,Open Pro,Group D,4,Single game,Zwaffle everyone,Anderle/Petersen,Zwaffle everyone,15,10,,,,,Robin Florinda,Levi Vandaele,,,Markus Anderle,Jan Petersen,,
Group Stage,Open Pro,Group D,4,Single game,Package E?,Leidenfrost/Perriraz,Package E?,15,6,,,,,Erik Borja Forschner Mitre,Marcos Bermudez Muratel,,,Nicolas Perriraz,David Leidenfrost,,
Group Stage,Open Pro,Group E,4,Single game,Le Spiko de Familia,put ons,Le Spiko de Familia,15,9,,,,,Andreas Christensen,Kasper S√∏vndal,,,Dominik Moritz,Aleksandrs Ju≈°ka,,
Group Stage,Open Pro,Group F,4,Single game,Misty Moonshot,Minor,Misty Moonshot,15,12,,,,,Th√©o Vanh Hemelryck,Pierre Lecrosnier,,,Max Jansson,Paul Halphen,,
Group Stage,Open Pro,Group G,4,Single game,nerds in disguise,TV Time,TV Time,8,15,,,,,Stefan Handschmann,David Jindra,,,Frederik Theunis,Gauthier Vandamme,,
Group Stage,Open Pro,Group A,5,Single game,Triple X,Find the surname,Find the surname,12,15,,,,,Laura Kunzelmann,Paul Siemer,,,Roman Peter,Yannick Robert,,
Group Stage,Open Pro,Group A,5,Single game,Roundnet Palombie,Off Grid Grinders,Off Grid Grinders,13,15,,,,,Yanis Bouchemoua,Aymeric Sandoz,,,Georg Seiffarth,Pascal Schlosser,,
Group Stage,Open Pro,Group B,5,Single game,NEM - Bazzani/Borsotti,TWN - Peng / Chen,NEM - Bazzani/Borsotti,15,7,,,,,Andrea Borsotti,Nicola Bazzani,,,Oriol Gonzalez,S√∏ren H√∏y,,
Group Stage,Open Pro,Group B,5,Single game,Smile,Willy Wonka,Smile,15,14,,,,,Gabriel Stoisser,Felix Millton,,,Rasmus Pr√ºfer,Emil Gr√∂nebaum,,
Group Stage,Open Pro,Group C,5,Single game,Pour sophie,BRRRAS,Pour sophie,15,11,,,,,Dorian Am√©ziane,Louis Mareschal,,,Lucas Alexandre Rohrbach,Mathias Felipe Rios Rohrbach,,
Group Stage,Open Pro,Group C,5,Single game,Pipino,OussaMa√´,OussaMa√´,3,15,,,,,Giacomo Merlin,riccardo mercadini,,,Ma√´lig Potiau,Oussama Tchita,,
Group Stage,Open Pro,Group D,5,Single game,Zwaffle everyone,Leidenfrost/Perriraz,Zwaffle everyone,15,7,,,,,Robin Florinda,Levi Vandaele,,,Nicolas Perriraz,David Leidenfrost,,
Group Stage,Open Pro,Group D,5,Single game,Package E?,Anderle/Petersen,Anderle/Petersen,10,15,,,,,Erik Borja Forschner Mitre,Marcos Bermudez Muratel,,,Markus Anderle,Jan Petersen,,
Group Stage,Open Pro,Group E,5,Single game,Le Spiko de Familia,BigBoys,BigBoys,14,15,,,,,Andreas Christensen,Kasper S√∏vndal,,,Luca Tosatti,Matteo Sacchini,,
Group Stage,Open Pro,Group F,5,Single game,Misty Moonshot,Christiani/Harder,Misty Moonshot,15,8,,,,,Th√©o Vanh Hemelryck,Pierre Lecrosnier,,,Jonathan Harder,Lucas Christiani,,
Group Stage,Open Pro,Group G,5,Single game,nerds in disguise,üñïüîÑ,nerds in disguise,15,14,,,,,Stefan Handschmann,David Jindra,,,Tim Bichler,Marcus Gauterin,,
Group Stage,Open Pro,Group A,6,Single game,Triple X,Roundnet Palombie,Triple X,15,11,,,,,Laura Kunzelmann,Paul Siemer,,,Yanis Bouchemoua,Aymeric Sandoz,,
Group Stage,Open Pro,Group A,6,Single game,Find the surname,Off Grid Grinders,Find the surname,15,7,,,,,Roman Peter,Yannick Robert,,,Georg Seiffarth,Pascal Schlosser,,
Group Stage,Open Pro,Group B,6,Single game,NEM - Bazzani/Borsotti,Smile,NEM - Bazzani/Borsotti,15,8,,,,,Andrea Borsotti,Nicola Bazzani,,,Gabriel Stoisser,Felix Millton,,
Group Stage,Open Pro,Group B,6,Single game,TWN - Peng / Chen,Willy Wonka,Willy Wonka,12,15,,,,,Oriol Gonzalez,S√∏ren H√∏y,,,Rasmus Pr√ºfer,Emil Gr√∂nebaum,,
Group Stage,Open Pro,Group C,6,Single game,Pour sophie,Pipino,Pipino,14,15,,,,,Dorian Am√©ziane,Louis Mareschal,,,Giacomo Merlin,riccardo mercadini,,
Group Stage,Open Pro,Group C,6,Single game,BRRRAS,OussaMa√´,BRRRAS,15,12,,,,,Lucas Alexandre Rohrbach,Mathias Felipe Rios Rohrbach,,,Ma√´lig Potiau,Oussama Tchita,,
Group Stage,Open Pro,Group D,6,Single game,Zwaffle everyone,Package E?,Zwaffle everyone,15,13,,,,,Robin Florinda,Levi Vandaele,,,Erik Borja Forschner Mitre,Marcos Bermudez Muratel,,
Group Stage,Open Pro,Group D,6,Single game,Leidenfrost/Perriraz,Anderle/Petersen,Leidenfrost/Perriraz,15,2,,,,,Nicolas Perriraz,David Leidenfrost,,,Markus Anderle,Jan Petersen,,
Group Stage,Open Pro,Group E,6,Single game,BigBoys,put ons,put ons,14,15,,,,,Luca Tosatti,Matteo Sacchini,,,Dominik Moritz,Aleksandrs Ju≈°ka,,
Group Stage,Open Pro,Group F,6,Single game,Christiani/Harder,Minor,Christiani/Harder,15,4,,,,,Jonathan Harder,Lucas Christiani,,,Max Jansson,Paul Halphen,,
Group Stage,Open Pro,Group G,6,Single game,üñïüîÑ,TV Time,TV Time,14,15,,,,,Tim Bichler,Marcus Gauterin,,,Frederik Theunis,Gauthier Vandamme,,
Bracket Stage new,Open Pro,Bracket A,Round of 32,Best of 3,BRRRAS,TWN - Peng / Chen,BRRRAS,13,15,15,13,15,10,Lucas Alexandre Rohrbach,Mathias Felipe Rios Rohrbach,,,Oriol Gonzalez,S√∏ren H√∏y,,
Bracket Stage new,Open Pro,Bracket A,Round of 32,Best of 3,BigBoys,Pipino,BigBoys,17,15,15,11,,,Luca Tosatti,Matteo Sacchini,,,Giacomo Merlin,riccardo mercadini,,
Bracket Stage new,Open Pro,Bracket A,Round of 32,Best of 3,TV Time,Roundnet Palombie,TV Time,15,11,12,15,15,6,Frederik Theunis,Gauthier Vandamme,,,Yanis Bouchemoua,Aymeric Sandoz,,
Bracket Stage new,Open Pro,Bracket A,Round of 32,Best of 3,üñïüîÑ,Package E?,üñïüîÑ,15,11,15,12,,,Tim Bichler,Marcus Gauterin,,,Erik Borja Forschner Mitre,Marcos Bermudez Muratel,,
Bracket Stage new,Open Pro,Bracket A,Round of 32,Best of 3,nerds in disguise,Minor,nerds in disguise,15,7,12,15,15,5,Stefan Handschmann,David Jindra,,,Max Jansson,Paul Halphen,,
Bracket Stage new,Open Pro,Bracket A,Round of 32,Best of 3,Willy Wonka,Leidenfrost/Perriraz,Willy Wonka,15,9,1,15,15,6,Rasmus Pr√ºfer,Emil Gr√∂nebaum,,,Nicolas Perriraz,David Leidenfrost,,
Bracket Stage new,Open Pro,Bracket A,Round of 32,Best of 3,Find the surname,put ons,Find the surname,15,7,15,9,,,Roman Peter,Yannick Robert,,,Dominik Moritz,Aleksandrs Ju≈°ka,,
Bracket Stage new,Open Pro,Bracket A,Round of 32,Best of 3,Smile,Anderle/Petersen,Smile,15,13,15,7,,,Gabriel Stoisser,Felix Millton,,,Markus Anderle,Jan Petersen,,
Bracket Stage new,Open Pro,Bracket A,Round of 32,Best of 3,OussaMa√´,Off Grid Grinders,Off Grid Grinders,11,15,15,10,8,15,Ma√´lig Potiau,Oussama Tchita,,,Georg Seiffarth,Pascal Schlosser,,
Bracket Stage new,Open Pro,Bracket A,Round of 16,Best of 3,Zwaffle everyone,Off Grid Grinders,Zwaffle everyone,15,13,15,6,,,Robin Florinda,Levi Vandaele,,,Georg Seiffarth,Pascal Schlosser,,
Bracket Stage new,Open Pro,Bracket A,Round of 16,Best of 3,NEM - Bazzani/Borsotti,Smile,NEM - Bazzani/Borsotti,16,14,15,7,,,Andrea Borsotti,Nicola Bazzani,,,Gabriel Stoisser,Felix Millton,,
Bracket Stage new,Open Pro,Bracket A,Round of 16,Best of 3,Misty Moonshot,Find the surname,Misty Moonshot,15,9,15,13,,,Th√©o Vanh Hemelryck,Pierre Lecrosnier,,,Roman Peter,Yannick Robert,,
Bracket Stage new,Open Pro,Bracket A,Round of 16,Best of 3,Le Spiko de Familia,Willy Wonka,Willy Wonka,13,15,8,15,,,Andreas Christensen,Kasper S√∏vndal,,,Rasmus Pr√ºfer,Emil Gr√∂nebaum,,
Bracket Stage new,Open Pro,Bracket A,Round of 16,Best of 3,Triple X,nerds in disguise,Triple X,15,13,15,10,,,Laura Kunzelmann,Paul Siemer,,,Stefan Handschmann,David Jindra,,
Bracket Stage new,Open Pro,Bracket A,Round of 16,Best of 3,Pour sophie,üñïüîÑ,Pour sophie,15,13,15,13,,,Dorian Am√©ziane,Louis Mareschal,,,Tim Bichler,Marcus Gauterin,,
Bracket Stage new,Open Pro,Bracket A,Round of 16,Best of 3,Christiani/Harder,TV Time,Christiani/Harder,15,7,15,6,,,Jonathan Harder,Lucas Christiani,,,Frederik Theunis,Gauthier Vandamme,,
Bracket Stage new,Open Pro,Bracket A,Round of 16,Best of 3,BRRRAS,BigBoys,BigBoys,7,15,10,15,,,Lucas Alexandre Rohrbach,Mathias Felipe Rios Rohrbach,,,Luca Tosatti,Matteo Sacchini,,
Bracket Stage new,Open Pro,Bracket A,P17: Round of 16,Single game,Pipino,TWN - Peng / Chen,Pipino,15,13,,,,,Giacomo Merlin,riccardo mercadini,,,Oriol Gonzalez,S√∏ren H√∏y,,
Bracket Stage new,Open Pro,Bracket A,Quarter-final,Best of 3,Zwaffle everyone,BigBoys,Zwaffle everyone,15,7,5,15,15,10,Robin Florinda,Levi Vandaele,,,Luca Tosatti,Matteo Sacchini,,
Bracket Stage new,Open Pro,Bracket A,Quarter-final,Best of 3,NEM - Bazzani/Borsotti,Christiani/Harder,NEM - Bazzani/Borsotti,2,15,15,10,17,15,Andrea Borsotti,Nicola Bazzani,,,Jonathan Harder,Lucas Christiani,,
Bracket Stage new,Open Pro,Bracket A,Quarter-final,Best of 3,Misty Moonshot,Pour sophie,Pour sophie,13,15,15,9,8,15,Th√©o Vanh Hemelryck,Pierre Lecrosnier,,,Dorian Am√©ziane,Louis Mareschal,,
Bracket Stage new,Open Pro,Bracket A,Quarter-final,Best of 3,Willy Wonka,Triple X,Willy Wonka,16,17,15,12,15,13,Rasmus Pr√ºfer,Emil Gr√∂nebaum,,,Laura Kunzelmann,Paul Siemer,,
Bracket Stage new,Open Pro,Bracket A,P9: Quarter-final,Single game,BRRRAS,Off Grid Grinders,Off Grid Grinders,9,21,,,,,Lucas Alexandre Rohrbach,Mathias Felipe Rios Rohrbach,,,Georg Seiffarth,Pascal Schlosser,,
Bracket Stage new,Open Pro,Bracket A,P9: Quarter-final,Single game,nerds in disguise,Le Spiko de Familia,nerds in disguise,1,0,,,,,Stefan Handschmann,David Jindra,,,Andreas Christensen,Kasper S√∏vndal,,
Bracket Stage new,Open Pro,Bracket A,P9: Quarter-final,Single game,TV Time,Smile,Smile,10,21,,,,,Frederik Theunis,Gauthier Vandamme,,,Gabriel Stoisser,Felix Millton,,
Bracket Stage new,Open Pro,Bracket A,P9: Quarter-final,Single game,üñïüîÑ,Find the surname,Find the surname,19,21,,,,,Tim Bichler,Marcus Gauterin,,,Roman Peter,Yannick Robert,,
Bracket Stage new,Open Pro,Bracket A,P17: Quarter-final,Single game,OussaMa√´,Pipino,Pipino,14,21,,,,,Ma√´lig Potiau,Oussama Tchita,,,Giacomo Merlin,riccardo mercadini,,
Bracket Stage new,Open Pro,Bracket A,P17: Quarter-final,Single game,Anderle/Petersen,Roundnet Palombie,Roundnet Palombie,17,21,,,,,Markus Anderle,Jan Petersen,,,Yanis Bouchemoua,Aymeric Sandoz,,
Bracket Stage new,Open Pro,Bracket A,P17: Quarter-final,Single game,put ons,Package E?,put ons,21,15,,,,,Dominik Moritz,Aleksandrs Ju≈°ka,,,Erik Borja Forschner Mitre,Marcos Bermudez Muratel,,
Bracket Stage new,Open Pro,Bracket A,P17: Quarter-final,Single game,Leidenfrost/Perriraz,Minor,Leidenfrost/Perriraz,21,15,,,,,Nicolas Perriraz,David Leidenfrost,,,Max Jansson,Paul Halphen,,
Bracket Stage new,Open Pro,Bracket A,Semi-final,Best of 3,Zwaffle everyone,Willy Wonka,Willy Wonka,11,21,15,21,,,Robin Florinda,Levi Vandaele,,,Rasmus Pr√ºfer,Emil Gr√∂nebaum,,
Bracket Stage new,Open Pro,Bracket A,Semi-final,Best of 3,NEM - Bazzani/Borsotti,Pour sophie,NEM - Bazzani/Borsotti,21,10,21,9,,,Andrea Borsotti,Nicola Bazzani,,,Dorian Am√©ziane,Louis Mareschal,,
Bracket Stage new,Open Pro,Bracket A,P5: Semi-final,Single game,Misty Moonshot,Christiani/Harder,Christiani/Harder,16,21,,,,,Th√©o Vanh Hemelryck,Pierre Lecrosnier,,,Jonathan Harder,Lucas Christiani,,
Bracket Stage new,Open Pro,Bracket A,P9: Semi-final,Single game,Off Grid Grinders,nerds in disguise,nerds in disguise,19,21,,,,,Georg Seiffarth,Pascal Schlosser,,,Stefan Handschmann,David Jindra,,
Bracket Stage new,Open Pro,Bracket A,P9: Semi-final,Single game,Smile,Find the surname,Smile,22,20,,,,,Gabriel Stoisser,Felix Millton,,,Roman Peter,Yannick Robert,,
Bracket Stage new,Open Pro,Bracket A,P13: Semi-final,Single game,Le Spiko de Familia,BRRRAS,Le Spiko de Familia,21,10,,,,,Andreas Christensen,Kasper S√∏vndal,,,Lucas Alexandre Rohrbach,Mathias Felipe Rios Rohrbach,,
Bracket Stage new,Open Pro,Bracket A,P13: Semi-final,Single game,üñïüîÑ,TV Time,üñïüîÑ,21,14,,,,,Tim Bichler,Marcus Gauterin,,,Frederik Theunis,Gauthier Vandamme,,
Bracket Stage new,Open Pro,Bracket A,P17: Semi-final,Single game,Pipino,Leidenfrost/Perriraz,Pipino,21,16,,,,,Giacomo Merlin,riccardo mercadini,,,Nicolas Perriraz,David Leidenfrost,,
Bracket Stage new,Open Pro,Bracket A,P17: Semi-final,Single game,Roundnet Palombie,put ons,Roundnet Palombie,21,19,,,,,Yanis Bouchemoua,Aymeric Sandoz,,,Dominik Moritz,Aleksandrs Ju≈°ka,,
Bracket Stage new,Open Pro,Bracket A,P21: Semi-final,Single game,Minor,OussaMa√´,Minor,21,18,,,,,Max Jansson,Paul Halphen,,,Ma√´lig Potiau,Oussama Tchita,,
Bracket Stage new,Open Pro,Bracket A,P21: Semi-final,Single game,Package E?,Anderle/Petersen,Anderle/Petersen,15,21,,,,,Erik Borja Forschner Mitre,Marcos Bermudez Muratel,,,Markus Anderle,Jan Petersen,,
Bracket Stage new,Open Pro,Bracket A,Final,Best of 3,Willy Wonka,NEM - Bazzani/Borsotti,NEM - Bazzani/Borsotti,5,21,10,21,,,Rasmus Pr√ºfer,Emil Gr√∂nebaum,,,Andrea Borsotti,Nicola Bazzani,,
Bracket Stage new,Open Pro,Bracket A,P3: Final,Single game,Pour sophie,Zwaffle everyone,Zwaffle everyone,17,21,,,,,Dorian Am√©ziane,Louis Mareschal,,,Robin Florinda,Levi Vandaele,,
Bracket Stage new,Open Pro,Bracket A,P5: Final,Single game,BigBoys,Christiani/Harder,Christiani/Harder,13,21,,,,,Luca Tosatti,Matteo Sacchini,,,Jonathan Harder,Lucas Christiani,,
Bracket Stage new,Open Pro,Bracket A,P7: Final,Single game,Misty Moonshot,Triple X,Misty Moonshot,21,19,,,,,Th√©o Vanh Hemelryck,Pierre Lecrosnier,,,Laura Kunzelmann,Paul Siemer,,
Bracket Stage new,Open Pro,Bracket A,P9: Final,Single game,nerds in disguise,Smile,Smile,10,21,,,,,Stefan Handschmann,David Jindra,,,Gabriel Stoisser,Felix Millton,,
Bracket Stage new,Open Pro,Bracket A,P11: Final,Single game,Find the surname,Off Grid Grinders,Find the surname,21,10,,,,,Roman Peter,Yannick Robert,,,Georg Seiffarth,Pascal Schlosser,,
Bracket Stage new,Open Pro,Bracket A,P13: Final,Single game,Le Spiko de Familia,üñïüîÑ,Le Spiko de Familia,21,19,,,,,Andreas Christensen,Kasper S√∏vndal,,,Tim Bichler,Marcus Gauterin,,
Bracket Stage new,Open Pro,Bracket A,P17: Final,Single game,Pipino,Roundnet Palombie,Roundnet Palombie,19,21,,,,,Giacomo Merlin,riccardo mercadini,,,Yanis Bouchemoua,Aymeric Sandoz,,
Bracket Stage new,Open Pro,Bracket A,P19: Final,Single game,put ons,Leidenfrost/Perriraz,put ons,21,16,,,,,Dominik Moritz,Aleksandrs Ju≈°ka,,,Nicolas Perriraz,David Leidenfrost,,
Group Stage,Open Contender,Group A,1,Single game,V-Kings,WS Go≈Çaszewski/Foks,V-Kings,15,7,,,,,wout thysens,Tuur Demaegdt,,,Andrzej Go≈Çaszewski,Mateusz Foks,,
Group Stage,Open Contender,Group A,1,Single game,Les Joutoux,WS Beer,Les Joutoux,15,9,,,,,Bryan Rodon,Emeric Lemoine,,,Micha≈Ç Kusztal,Mateusz Kusztal,,
Group Stage,Open Contender,Group B,1,Single game,Sensei,Titanic Duo,Sensei,15,9,,,,,Mindaugas Butkus,Ugnius Lekecinskas,,,Fouliard Baptiste,Quentin Rouhier,,
Group Stage,Open Contender,Group B,1,Single game,Bacchus e benessere,Deepdive-Darmstadt,Deepdive-Darmstadt,11,15,,,,,Louen Previtali,luc beltrando,,,Niklas Gr√ºnewald,Max Syndikus,,
Group Stage,Open Contender,Group C,1,Single game,Chaos Theory,Swisschoclate,Chaos Theory,15,13,,,,,Christian Br√∏dsgaard,Mathias Linnet,,,No√© Reinhardt,Th√©o Zwahlen,,
Group Stage,Open Contender,Group C,1,Single game,RRR (Rnt Rivals Reunited) üêØ,Men in block,RRR (Rnt Rivals Reunited) üêØ,15,13,,,,,Senthil Siva,Alberto Amato,,,Quentin COUYRAS,Jean Kervella,,
Group Stage,Open Contender,Group D,1,Single game,Le beurre et l'argent du beurre,Streuselbr√∂tchen,Streuselbr√∂tchen,10,15,,,,,Alec Gautier,karim lahoud,,,Rafael Miranda Lima,Henning Franzel,,
Group Stage,Open Contender,Group D,1,Single game,Les petits flocons,Insane Mainzset,Insane Mainzset,12,15,,,,,Simon Chervin,Remi Salles,,,Lars Rudorf,Malte Fromm,,
Group Stage,Open Contender,Group E,1,Single game,Lim√≥n y Pumba,RCG ChrisTops,RCG ChrisTops,12,15,,,,,Tavo Garcia,Topias Zein,,,Thomas Pschaid,Christoph Lorenzoni,,
Group Stage,Open Contender,Group E,1,Single game,Xavi / Chris,SpikeOps,Xavi / Chris,15,9,,,,,Xavi Fermoso,Christopher Behrmann,,,Adriaan Van Gerven,Wout Seynaeve,,
Group Stage,Open Contender,Group F,1,Single game,WS Dudzik/Kusztal,Raptor and Wolf,WS Dudzik/Kusztal,15,13,,,,,Jakub Kusztal,Janek Dudzik,,,Alexandre Esposito,Martin Clotman,,
Group Stage,Open Contender,Group F,1,Single game,NEM Tropical Vikings,Defensive Duo,NEM Tropical Vikings,17,15,,,,,Johannes Modalsli,Gerardo Goar,,,Tomer Kedar,Micha Daling,,
Group Stage,Open Contender,Group G,1,Single game,WaWaWeeWa,Holesome,Holesome,7,15,,,,,Fabian Hagen,Maher Saadeddin,,,Till Ullmann,Paul Schirop,,
Group Stage,Open Contender,Group G,1,Single game,Createam,Kreutzer/Klapperich,Kreutzer/Klapperich,8,15,,,,,Harshil Shah,Andrew Pelton,,,Kaspar Kreutzer,Justus Klapperich,,
Group Stage,Open Contender,Group H,1,Single game,Brussels Canine ü¶ä,Flying Focas,Flying Focas,16,17,,,,,Gilles Hublet,Igor Jottrand,,,Maximilian Portee,Franco Munoz,,
Group Stage,Open Contender,Group H,1,Single game,Holy Duck,Bro or no?,Bro or no?,13,15,,,,,Jakob Blaaholm Nielsen,David Lyngbye,,,Olivier Saunier,Alexandre Thiolli√®re,,
Group Stage,Open Contender,Group I,1,Single game,Blueberrinni Octopussinni,dunno,Blueberrinni Octopussinni,15,11,,,,,Sebastiano Guerra,Guillaume Van Eeckhaute,,,Oscar De Ridder,Pierre H√ºlsemann,,
Group Stage,Open Contender,Group I,1,Single game,TBC - To Be Catalan,Antwerp Raptors ü¶ñ,TBC - To Be Catalan,15,6,,,,,Ernest Cardona Plantada,Paul Volle,,,Brecht Van den Steen,Niels Verbois,,
Group Stage,Open Contender,Group J,1,Single game,Double Roll Up,Don‚Äòt poke the lobsters,Double Roll Up,15,13,,,,,Alexandre ROLLOIS,Antoine .R,,,Nicolas Manneback,Kai Svoboda,,
Group Stage,Open Contender,Group J,1,Single game,SSUP Conga,Demon Time,SSUP Conga,15,9,,,,,Bendix He√ü,Noah Rohloff,,,Toan Pauwels,Irian Baert,,
Group Stage,Open Contender,Group K,1,Single game,WS Git Back,Holy T,WS Git Back,16,14,,,,,Max ≈Åochowski,Joe Kerridge,,,Jannik Tiemann,Benny Gottwald,,
Group Stage,Open Contender,Group L,1,Single game,CoachSurfing,16Max ü¶ä,CoachSurfing,15,13,,,,,Cl√©ment Martin-Gougenheim,Paul Heintz√©,,,Cesar Jottrand,Maxime Despontin,,
Group Stage,Open Contender,Group A,2,Single game,V-Kings,WS Beer,V-Kings,15,9,,,,,wout thysens,Tuur Demaegdt,,,Micha≈Ç Kusztal,Mateusz Kusztal,,
Group Stage,Open Contender,Group A,2,Single game,Les Joutoux,WS Go≈Çaszewski/Foks,Les Joutoux,15,11,,,,,Bryan Rodon,Emeric Lemoine,,,Andrzej Go≈Çaszewski,Mateusz Foks,,
Group Stage,Open Contender,Group B,2,Single game,Sensei,Deepdive-Darmstadt,Deepdive-Darmstadt,8,15,,,,,Mindaugas Butkus,Ugnius Lekecinskas,,,Niklas Gr√ºnewald,Max Syndikus,,
Group Stage,Open Contender,Group B,2,Single game,Bacchus e benessere,Titanic Duo,Bacchus e benessere,15,6,,,,,Louen Previtali,luc beltrando,,,Fouliard Baptiste,Quentin Rouhier,,
Group Stage,Open Contender,Group C,2,Single game,Chaos Theory,Men in block,Chaos Theory,15,8,,,,,Christian Br√∏dsgaard,Mathias Linnet,,,Quentin COUYRAS,Jean Kervella,,
Group Stage,Open Contender,Group C,2,Single game,RRR (Rnt Rivals Reunited) üêØ,Swisschoclate,RRR (Rnt Rivals Reunited) üêØ,16,14,,,,,Senthil Siva,Alberto Amato,,,No√© Reinhardt,Th√©o Zwahlen,,
Group Stage,Open Contender,Group D,2,Single game,Le beurre et l'argent du beurre,Insane Mainzset,Insane Mainzset,10,15,,,,,Alec Gautier,karim lahoud,,,Lars Rudorf,Malte Fromm,,
Group Stage,Open Contender,Group D,2,Single game,Les petits flocons,Streuselbr√∂tchen,Streuselbr√∂tchen,7,15,,,,,Simon Chervin,Remi Salles,,,Rafael Miranda Lima,Henning Franzel,,
Group Stage,Open Contender,Group E,2,Single game,Lim√≥n y Pumba,SpikeOps,Lim√≥n y Pumba,15,13,,,,,Tavo Garcia,Topias Zein,,,Adriaan Van Gerven,Wout Seynaeve,,
Group Stage,Open Contender,Group E,2,Single game,Xavi / Chris,RCG ChrisTops,RCG ChrisTops,11,15,,,,,Xavi Fermoso,Christopher Behrmann,,,Thomas Pschaid,Christoph Lorenzoni,,
Group Stage,Open Contender,Group F,2,Single game,WS Dudzik/Kusztal,Defensive Duo,WS Dudzik/Kusztal,15,9,,,,,Jakub Kusztal,Janek Dudzik,,,Tomer Kedar,Micha Daling,,
Group Stage,Open Contender,Group F,2,Single game,NEM Tropical Vikings,Raptor and Wolf,Raptor and Wolf,9,15,,,,,Johannes Modalsli,Gerardo Goar,,,Alexandre Esposito,Martin Clotman,,
Group Stage,Open Contender,Group G,2,Single game,WaWaWeeWa,Kreutzer/Klapperich,WaWaWeeWa,15,13,,,,,Fabian Hagen,Maher Saadeddin,,,Kaspar Kreutzer,Justus Klapperich,,
Group Stage,Open Contender,Group G,2,Single game,Createam,Holesome,Holesome,10,15,,,,,Harshil Shah,Andrew Pelton,,,Till Ullmann,Paul Schirop,,
Group Stage,Open Contender,Group H,2,Single game,Brussels Canine ü¶ä,Bro or no?,Brussels Canine ü¶ä,15,13,,,,,Gilles Hublet,Igor Jottrand,,,Olivier Saunier,Alexandre Thiolli√®re,,
Group Stage,Open Contender,Group H,2,Single game,Holy Duck,Flying Focas,Flying Focas,14,16,,,,,Jakob Blaaholm Nielsen,David Lyngbye,,,Maximilian Portee,Franco Munoz,,
Group Stage,Open Contender,Group I,2,Single game,Blueberrinni Octopussinni,Antwerp Raptors ü¶ñ,Blueberrinni Octopussinni,15,8,,,,,Sebastiano Guerra,Guillaume Van Eeckhaute,,,Brecht Van den Steen,Niels Verbois,,
Group Stage,Open Contender,Group I,2,Single game,TBC - To Be Catalan,dunno,TBC - To Be Catalan,17,16,,,,,Ernest Cardona Plantada,Paul Volle,,,Oscar De Ridder,Pierre H√ºlsemann,,
Group Stage,Open Contender,Group J,2,Single game,Double Roll Up,Demon Time,Demon Time,13,15,,,,,Alexandre ROLLOIS,Antoine .R,,,Toan Pauwels,Irian Baert,,
Group Stage,Open Contender,Group J,2,Single game,SSUP Conga,Don‚Äòt poke the lobsters,SSUP Conga,15,5,,,,,Bendix He√ü,Noah Rohloff,,,Nicolas Manneback,Kai Svoboda,,
Group Stage,Open Contender,Group K,2,Single game,WS Git Back,Back to the drawing board,WS Git Back,15,8,,,,,Max ≈Åochowski,Joe Kerridge,,,Daniel Ashton,Charlie Wilson,,
Group Stage,Open Contender,Group L,2,Single game,CoachSurfing,Uno Reverse,Uno Reverse,9,15,,,,,Cl√©ment Martin-Gougenheim,Paul Heintz√©,,,Martijn Paes,Daan Paes,,
Group Stage,Open Contender,Group A,3,Single game,V-Kings,Les Joutoux,V-Kings,17,16,,,,,wout thysens,Tuur Demaegdt,,,Bryan Rodon,Emeric Lemoine,,
Group Stage,Open Contender,Group A,3,Single game,WS Beer,WS Go≈Çaszewski/Foks,WS Beer,15,13,,,,,Micha≈Ç Kusztal,Mateusz Kusztal,,,Andrzej Go≈Çaszewski,Mateusz Foks,,
Group Stage,Open Contender,Group B,3,Single game,Sensei,Bacchus e benessere,Bacchus e benessere,8,15,,,,,Mindaugas Butkus,Ugnius Lekecinskas,,,Louen Previtali,luc beltrando,,
Group Stage,Open Contender,Group B,3,Single game,Deepdive-Darmstadt,Titanic Duo,Deepdive-Darmstadt,15,10,,,,,Niklas Gr√ºnewald,Max Syndikus,,,Fouliard Baptiste,Quentin Rouhier,,
Group Stage,Open Contender,Group C,3,Single game,Chaos Theory,RRR (Rnt Rivals Reunited) üêØ,Chaos Theory,15,8,,,,,Christian Br√∏dsgaard,Mathias Linnet,,,Senthil Siva,Alberto Amato,,
Group Stage,Open Contender,Group C,3,Single game,Men in block,Swisschoclate,Men in block,15,12,,,,,Quentin COUYRAS,Jean Kervella,,,No√© Reinhardt,Th√©o Zwahlen,,
Group Stage,Open Contender,Group D,3,Single game,Le beurre et l'argent du beurre,Les petits flocons,Les petits flocons,7,15,,,,,Alec Gautier,karim lahoud,,,Simon Chervin,Remi Salles,,
Group Stage,Open Contender,Group D,3,Single game,Insane Mainzset,Streuselbr√∂tchen,Insane Mainzset,17,15,,,,,Lars Rudorf,Malte Fromm,,,Rafael Miranda Lima,Henning Franzel,,
Group Stage,Open Contender,Group E,3,Single game,Lim√≥n y Pumba,Xavi / Chris,Lim√≥n y Pumba,15,7,,,,,Tavo Garcia,Topias Zein,,,Xavi Fermoso,Christopher Behrmann,,
Group Stage,Open Contender,Group E,3,Single game,SpikeOps,RCG ChrisTops,RCG ChrisTops,10,15,,,,,Adriaan Van Gerven,Wout Seynaeve,,,Thomas Pschaid,Christoph Lorenzoni,,
Group Stage,Open Contender,Group F,3,Single game,WS Dudzik/Kusztal,NEM Tropical Vikings,WS Dudzik/Kusztal,15,10,,,,,Jakub Kusztal,Janek Dudzik,,,Johannes Modalsli,Gerardo Goar,,
Group Stage,Open Contender,Group F,3,Single game,Defensive Duo,Raptor and Wolf,Raptor and Wolf,13,15,,,,,Tomer Kedar,Micha Daling,,,Alexandre Esposito,Martin Clotman,,
Group Stage,Open Contender,Group G,3,Single game,WaWaWeeWa,Createam,WaWaWeeWa,15,11,,,,,Fabian Hagen,Maher Saadeddin,,,Harshil Shah,Andrew Pelton,,
Group Stage,Open Contender,Group G,3,Single game,Kreutzer/Klapperich,Holesome,Holesome,9,15,,,,,Kaspar Kreutzer,Justus Klapperich,,,Till Ullmann,Paul Schirop,,
Group Stage,Open Contender,Group H,3,Single game,Brussels Canine ü¶ä,Holy Duck,Brussels Canine ü¶ä,15,7,,,,,Gilles Hublet,Igor Jottrand,,,Jakob Blaaholm Nielsen,David Lyngbye,,
Group Stage,Open Contender,Group H,3,Single game,Bro or no?,Flying Focas,Bro or no?,15,12,,,,,Olivier Saunier,Alexandre Thiolli√®re,,,Maximilian Portee,Franco Munoz,,
Group Stage,Open Contender,Group I,3,Single game,Blueberrinni Octopussinni,TBC - To Be Catalan,Blueberrinni Octopussinni,15,8,,,,,Sebastiano Guerra,Guillaume Van Eeckhaute,,,Ernest Cardona Plantada,Paul Volle,,
Group Stage,Open Contender,Group I,3,Single game,Antwerp Raptors ü¶ñ,dunno,dunno,4,15,,,,,Brecht Van den Steen,Niels Verbois,,,Oscar De Ridder,Pierre H√ºlsemann,,
Group Stage,Open Contender,Group J,3,Single game,Double Roll Up,SSUP Conga,SSUP Conga,9,15,,,,,Alexandre ROLLOIS,Antoine .R,,,Bendix He√ü,Noah Rohloff,,
Group Stage,Open Contender,Group J,3,Single game,Demon Time,Don‚Äòt poke the lobsters,Demon Time,15,6,,,,,Toan Pauwels,Irian Baert,,,Nicolas Manneback,Kai Svoboda,,
Group Stage,Open Contender,Group K,3,Single game,Back to the drawing board,Holy T,Holy T,7,15,,,,,Daniel Ashton,Charlie Wilson,,,Jannik Tiemann,Benny Gottwald,,
Group Stage,Open Contender,Group L,3,Single game,Uno Reverse,16Max ü¶ä,Uno Reverse,15,8,,,,,Martijn Paes,Daan Paes,,,Cesar Jottrand,Maxime Despontin,,
Group Stage,Open Contender,Group A,4,Single game,V-Kings,WS Go≈Çaszewski/Foks,V-Kings,15,9,,,,,wout thysens,Tuur Demaegdt,,,Andrzej Go≈Çaszewski,Mateusz Foks,,
Group Stage,Open Contender,Group A,4,Single game,Les Joutoux,WS Beer,Les Joutoux,15,9,,,,,Bryan Rodon,Emeric Lemoine,,,Micha≈Ç Kusztal,Mateusz Kusztal,,
Group Stage,Open Contender,Group B,4,Single game,Sensei,Titanic Duo,Sensei,15,7,,,,,Mindaugas Butkus,Ugnius Lekecinskas,,,Fouliard Baptiste,Quentin Rouhier,,
Group Stage,Open Contender,Group B,4,Single game,Bacchus e benessere,Deepdive-Darmstadt,Deepdive-Darmstadt,12,15,,,,,Louen Previtali,luc beltrando,,,Niklas Gr√ºnewald,Max Syndikus,,
Group Stage,Open Contender,Group C,4,Single game,Chaos Theory,Swisschoclate,Chaos Theory,15,10,,,,,Christian Br√∏dsgaard,Mathias Linnet,,,No√© Reinhardt,Th√©o Zwahlen,,
Group Stage,Open Contender,Group C,4,Single game,RRR (Rnt Rivals Reunited) üêØ,Men in block,RRR (Rnt Rivals Reunited) üêØ,15,7,,,,,Senthil Siva,Alberto Amato,,,Quentin COUYRAS,Jean Kervella,,
Group Stage,Open Contender,Group D,4,Single game,Le beurre et l'argent du beurre,Streuselbr√∂tchen,Streuselbr√∂tchen,16,17,,,,,Alec Gautier,karim lahoud,,,Rafael Miranda Lima,Henning Franzel,,
Group Stage,Open Contender,Group D,4,Single game,Les petits flocons,Insane Mainzset,Les petits flocons,15,13,,,,,Simon Chervin,Remi Salles,,,Lars Rudorf,Malte Fromm,,
Group Stage,Open Contender,Group E,4,Single game,Lim√≥n y Pumba,RCG ChrisTops,RCG ChrisTops,13,15,,,,,Tavo Garcia,Topias Zein,,,Thomas Pschaid,Christoph Lorenzoni,,
Group Stage,Open Contender,Group E,4,Single game,Xavi / Chris,SpikeOps,Xavi / Chris,15,8,,,,,Xavi Fermoso,Christopher Behrmann,,,Adriaan Van Gerven,Wout Seynaeve,,
Group Stage,Open Contender,Group F,4,Single game,WS Dudzik/Kusztal,Raptor and Wolf,WS Dudzik/Kusztal,15,12,,,,,Jakub Kusztal,Janek Dudzik,,,Alexandre Esposito,Martin Clotman,,
Group Stage,Open Contender,Group F,4,Single game,NEM Tropical Vikings,Defensive Duo,Defensive Duo,11,15,,,,,Johannes Modalsli,Gerardo Goar,,,Tomer Kedar,Micha Daling,,
Group Stage,Open Contender,Group G,4,Single game,WaWaWeeWa,Holesome,Holesome,13,15,,,,,Fabian Hagen,Maher Saadeddin,,,Till Ullmann,Paul Schirop,,
Group Stage,Open Contender,Group G,4,Single game,Createam,Kreutzer/Klapperich,Kreutzer/Klapperich,12,15,,,,,Harshil Shah,Andrew Pelton,,,Kaspar Kreutzer,Justus Klapperich,,
Group Stage,Open Contender,Group H,4,Single game,Brussels Canine ü¶ä,Flying Focas,Brussels Canine ü¶ä,16,14,,,,,Gilles Hublet,Igor Jottrand,,,Maximilian Portee,Franco Munoz,,
Group Stage,Open Contender,Group H,4,Single game,Holy Duck,Bro or no?,Bro or no?,13,15,,,,,Jakob Blaaholm Nielsen,David Lyngbye,,,Olivier Saunier,Alexandre Thiolli√®re,,
Group Stage,Open Contender,Group I,4,Single game,Blueberrinni Octopussinni,dunno,Blueberrinni Octopussinni,15,9,,,,,Sebastiano Guerra,Guillaume Van Eeckhaute,,,Oscar De Ridder,Pierre H√ºlsemann,,
Group Stage,Open Contender,Group I,4,Single game,TBC - To Be Catalan,Antwerp Raptors ü¶ñ,TBC - To Be Catalan,15,4,,,,,Ernest Cardona Plantada,Paul Volle,,,Brecht Van den Steen,Niels Verbois,,
Group Stage,Open Contender,Group J,4,Single game,Double Roll Up,Don‚Äòt poke the lobsters,Double Roll Up,15,10,,,,,Alexandre ROLLOIS,Antoine .R,,,Nicolas Manneback,Kai Svoboda,,
Group Stage,Open Contender,Group J,4,Single game,SSUP Conga,Demon Time,SSUP Conga,15,5,,,,,Bendix He√ü,Noah Rohloff,,,Toan Pauwels,Irian Baert,,
Group Stage,Open Contender,Group K,4,Single game,WS Git Back,Holy T,Holy T,12,15,,,,,Max ≈Åochowski,Joe Kerridge,,,Jannik Tiemann,Benny Gottwald,,
Group Stage,Open Contender,Group L,4,Single game,CoachSurfing,16Max ü¶ä,16Max ü¶ä,14,15,,,,,Cl√©ment Martin-Gougenheim,Paul Heintz√©,,,Cesar Jottrand,Maxime Despontin,,
Group Stage,Open Contender,Group A,5,Single game,V-Kings,WS Beer,WS Beer,13,15,,,,,wout thysens,Tuur Demaegdt,,,Micha≈Ç Kusztal,Mateusz Kusztal,,
Group Stage,Open Contender,Group A,5,Single game,Les Joutoux,WS Go≈Çaszewski/Foks,Les Joutoux,15,9,,,,,Bryan Rodon,Emeric Lemoine,,,Andrzej Go≈Çaszewski,Mateusz Foks,,
Group Stage,Open Contender,Group B,5,Single game,Sensei,Deepdive-Darmstadt,Deepdive-Darmstadt,8,15,,,,,Mindaugas Butkus,Ugnius Lekecinskas,,,Niklas Gr√ºnewald,Max Syndikus,,
Group Stage,Open Contender,Group B,5,Single game,Bacchus e benessere,Titanic Duo,Bacchus e benessere,15,7,,,,,Louen Previtali,luc beltrando,,,Fouliard Baptiste,Quentin Rouhier,,
Group Stage,Open Contender,Group C,5,Single game,Chaos Theory,Men in block,Chaos Theory,15,11,,,,,Christian Br√∏dsgaard,Mathias Linnet,,,Quentin COUYRAS,Jean Kervella,,
Group Stage,Open Contender,Group C,5,Single game,RRR (Rnt Rivals Reunited) üêØ,Swisschoclate,RRR (Rnt Rivals Reunited) üêØ,15,9,,,,,Senthil Siva,Alberto Amato,,,No√© Reinhardt,Th√©o Zwahlen,,
Group Stage,Open Contender,Group D,5,Single game,Le beurre et l'argent du beurre,Insane Mainzset,Insane Mainzset,8,15,,,,,Alec Gautier,karim lahoud,,,Lars Rudorf,Malte Fromm,,
Group Stage,Open Contender,Group D,5,Single game,Les petits flocons,Streuselbr√∂tchen,Streuselbr√∂tchen,11,15,,,,,Simon Chervin,Remi Salles,,,Rafael Miranda Lima,Henning Franzel,,
Group Stage,Open Contender,Group E,5,Single game,Lim√≥n y Pumba,SpikeOps,Lim√≥n y Pumba,15,12,,,,,Tavo Garcia,Topias Zein,,,Adriaan Van Gerven,Wout Seynaeve,,
Group Stage,Open Contender,Group E,5,Single game,Xavi / Chris,RCG ChrisTops,Xavi / Chris,15,12,,,,,Xavi Fermoso,Christopher Behrmann,,,Thomas Pschaid,Christoph Lorenzoni,,
Group Stage,Open Contender,Group F,5,Single game,WS Dudzik/Kusztal,Defensive Duo,WS Dudzik/Kusztal,15,12,,,,,Jakub Kusztal,Janek Dudzik,,,Tomer Kedar,Micha Daling,,
Group Stage,Open Contender,Group F,5,Single game,NEM Tropical Vikings,Raptor and Wolf,Raptor and Wolf,11,15,,,,,Johannes Modalsli,Gerardo Goar,,,Alexandre Esposito,Martin Clotman,,
Group Stage,Open Contender,Group G,5,Single game,WaWaWeeWa,Kreutzer/Klapperich,Kreutzer/Klapperich,8,15,,,,,Fabian Hagen,Maher Saadeddin,,,Kaspar Kreutzer,Justus Klapperich,,
Group Stage,Open Contender,Group G,5,Single game,Createam,Holesome,Holesome,8,15,,,,,Harshil Shah,Andrew Pelton,,,Till Ullmann,Paul Schirop,,
Group Stage,Open Contender,Group H,5,Single game,Brussels Canine ü¶ä,Bro or no?,Brussels Canine ü¶ä,17,16,,,,,Gilles Hublet,Igor Jottrand,,,Olivier Saunier,Alexandre Thiolli√®re,,
Group Stage,Open Contender,Group H,5,Single game,Holy Duck,Flying Focas,Holy Duck,15,12,,,,,Jakob Blaaholm Nielsen,David Lyngbye,,,Maximilian Portee,Franco Munoz,,
Group Stage,Open Contender,Group I,5,Single game,Blueberrinni Octopussinni,Antwerp Raptors ü¶ñ,Blueberrinni Octopussinni,15,6,,,,,Sebastiano Guerra,Guillaume Van Eeckhaute,,,Brecht Van den Steen,Niels Verbois,,
Group Stage,Open Contender,Group I,5,Single game,TBC - To Be Catalan,dunno,TBC - To Be Catalan,16,14,,,,,Ernest Cardona Plantada,Paul Volle,,,Oscar De Ridder,Pierre H√ºlsemann,,
Group Stage,Open Contender,Group J,5,Single game,Double Roll Up,Demon Time,Double Roll Up,15,12,,,,,Alexandre ROLLOIS,Antoine .R,,,Toan Pauwels,Irian Baert,,
Group Stage,Open Contender,Group J,5,Single game,SSUP Conga,Don‚Äòt poke the lobsters,SSUP Conga,15,5,,,,,Bendix He√ü,Noah Rohloff,,,Nicolas Manneback,Kai Svoboda,,
Group Stage,Open Contender,Group K,5,Single game,WS Git Back,Back to the drawing board,WS Git Back,15,8,,,,,Max ≈Åochowski,Joe Kerridge,,,Daniel Ashton,Charlie Wilson,,
Group Stage,Open Contender,Group L,5,Single game,CoachSurfing,Uno Reverse,Uno Reverse,8,15,,,,,Cl√©ment Martin-Gougenheim,Paul Heintz√©,,,Martijn Paes,Daan Paes,,
Group Stage,Open Contender,Group A,6,Single game,V-Kings,Les Joutoux,V-Kings,15,13,,,,,wout thysens,Tuur Demaegdt,,,Bryan Rodon,Emeric Lemoine,,
Group Stage,Open Contender,Group A,6,Single game,WS Beer,WS Go≈Çaszewski/Foks,WS Beer,15,11,,,,,Micha≈Ç Kusztal,Mateusz Kusztal,,,Andrzej Go≈Çaszewski,Mateusz Foks,,
Group Stage,Open Contender,Group B,6,Single game,Sensei,Bacchus e benessere,Bacchus e benessere,8,15,,,,,Mindaugas Butkus,Ugnius Lekecinskas,,,Louen Previtali,luc beltrando,,
Group Stage,Open Contender,Group B,6,Single game,Deepdive-Darmstadt,Titanic Duo,Deepdive-Darmstadt,15,9,,,,,Niklas Gr√ºnewald,Max Syndikus,,,Fouliard Baptiste,Quentin Rouhier,,
Group Stage,Open Contender,Group C,6,Single game,Chaos Theory,RRR (Rnt Rivals Reunited) üêØ,Chaos Theory,15,6,,,,,Christian Br√∏dsgaard,Mathias Linnet,,,Senthil Siva,Alberto Amato,,
Group Stage,Open Contender,Group C,6,Single game,Men in block,Swisschoclate,Men in block,15,12,,,,,Quentin COUYRAS,Jean Kervella,,,No√© Reinhardt,Th√©o Zwahlen,,
Group Stage,Open Contender,Group D,6,Single game,Le beurre et l'argent du beurre,Les petits flocons,Le beurre et l'argent du beurre,15,11,,,,,Alec Gautier,karim lahoud,,,Simon Chervin,Remi Salles,,
Group Stage,Open Contender,Group D,6,Single game,Insane Mainzset,Streuselbr√∂tchen,Streuselbr√∂tchen,12,15,,,,,Lars Rudorf,Malte Fromm,,,Rafael Miranda Lima,Henning Franzel,,
Group Stage,Open Contender,Group E,6,Single game,Lim√≥n y Pumba,Xavi / Chris,Xavi / Chris,14,16,,,,,Tavo Garcia,Topias Zein,,,Xavi Fermoso,Christopher Behrmann,,
Group Stage,Open Contender,Group E,6,Single game,SpikeOps,RCG ChrisTops,RCG ChrisTops,13,15,,,,,Adriaan Van Gerven,Wout Seynaeve,,,Thomas Pschaid,Christoph Lorenzoni,,
Group Stage,Open Contender,Group F,6,Single game,WS Dudzik/Kusztal,NEM Tropical Vikings,WS Dudzik/Kusztal,15,8,,,,,Jakub Kusztal,Janek Dudzik,,,Johannes Modalsli,Gerardo Goar,,
Group Stage,Open Contender,Group F,6,Single game,Defensive Duo,Raptor and Wolf,Defensive Duo,15,12,,,,,Tomer Kedar,Micha Daling,,,Alexandre Esposito,Martin Clotman,,
Group Stage,Open Contender,Group G,6,Single game,WaWaWeeWa,Createam,WaWaWeeWa,15,11,,,,,Fabian Hagen,Maher Saadeddin,,,Harshil Shah,Andrew Pelton,,
Group Stage,Open Contender,Group G,6,Single game,Kreutzer/Klapperich,Holesome,Holesome,12,15,,,,,Kaspar Kreutzer,Justus Klapperich,,,Till Ullmann,Paul Schirop,,
Group Stage,Open Contender,Group H,6,Single game,Brussels Canine ü¶ä,Holy Duck,Brussels Canine ü¶ä,15,13,,,,,Gilles Hublet,Igor Jottrand,,,Jakob Blaaholm Nielsen,David Lyngbye,,
Group Stage,Open Contender,Group H,6,Single game,Bro or no?,Flying Focas,Flying Focas,12,15,,,,,Olivier Saunier,Alexandre Thiolli√®re,,,Maximilian Portee,Franco Munoz,,
Group Stage,Open Contender,Group I,6,Single game,Blueberrinni Octopussinni,TBC - To Be Catalan,Blueberrinni Octopussinni,15,11,,,,,Sebastiano Guerra,Guillaume Van Eeckhaute,,,Ernest Cardona Plantada,Paul Volle,,
Group Stage,Open Contender,Group I,6,Single game,Antwerp Raptors ü¶ñ,dunno,dunno,7,15,,,,,Brecht Van den Steen,Niels Verbois,,,Oscar De Ridder,Pierre H√ºlsemann,,
Group Stage,Open Contender,Group J,6,Single game,Double Roll Up,SSUP Conga,SSUP Conga,11,15,,,,,Alexandre ROLLOIS,Antoine .R,,,Bendix He√ü,Noah Rohloff,,
Group Stage,Open Contender,Group J,6,Single game,Demon Time,Don‚Äòt poke the lobsters,Demon Time,15,7,,,,,Toan Pauwels,Irian Baert,,,Nicolas Manneback,Kai Svoboda,,
Group Stage,Open Contender,Group K,6,Single game,Back to the drawing board,Holy T,Holy T,14,16,,,,,Daniel Ashton,Charlie Wilson,,,Jannik Tiemann,Benny Gottwald,,
Group Stage,Open Contender,Group L,6,Single game,Uno Reverse,16Max ü¶ä,Uno Reverse,15,7,,,,,Martijn Paes,Daan Paes,,,Cesar Jottrand,Maxime Despontin,,
Bracket Stage new,Open Contender,Bracket A,Round of 32,Best of 3,SSUP Conga,Defensive Duo,SSUP Conga,12,15,15,13,15,4,Bendix He√ü,Noah Rohloff,,,Tomer Kedar,Micha Daling,,
Bracket Stage new,Open Contender,Bracket A,Round of 32,Best of 3,Uno Reverse,dunno,Uno Reverse,15,8,15,6,,,Martijn Paes,Daan Paes,,,Oscar De Ridder,Pierre H√ºlsemann,,
Bracket Stage new,Open Contender,Bracket A,Round of 32,Best of 3,Blueberrinni Octopussinni,16Max ü¶ä,Blueberrinni Octopussinni,15,4,15,8,,,Sebastiano Guerra,Guillaume Van Eeckhaute,,,Cesar Jottrand,Maxime Despontin,,
Bracket Stage new,Open Contender,Bracket A,Round of 32,Best of 3,Deepdive-Darmstadt,WS Beer,Deepdive-Darmstadt,15,13,15,11,,,Niklas Gr√ºnewald,Max Syndikus,,,Micha≈Ç Kusztal,Mateusz Kusztal,,
Bracket Stage new,Open Contender,Bracket A,Round of 32,Best of 3,Holesome,WaWaWeeWa,Holesome,16,14,15,8,,,Till Ullmann,Paul Schirop,,,Fabian Hagen,Maher Saadeddin,,
Bracket Stage new,Open Contender,Bracket A,Round of 32,Best of 3,WS Dudzik/Kusztal,Flying Focas,WS Dudzik/Kusztal,15,9,15,10,,,Jakub Kusztal,Janek Dudzik,,,Maximilian Portee,Franco Munoz,,
Bracket Stage new,Open Contender,Bracket A,Round of 32,Best of 3,V-Kings,Double Roll Up,Double Roll Up,10,15,15,13,11,15,wout thysens,Tuur Demaegdt,,,Alexandre ROLLOIS,Antoine .R,,
Bracket Stage new,Open Contender,Bracket A,Round of 32,Best of 3,WS Git Back,Demon Time,WS Git Back,16,14,12,15,15,12,Max ≈Åochowski,Joe Kerridge,,,Toan Pauwels,Irian Baert,,
Bracket Stage new,Open Contender,Bracket A,Round of 32,Best of 3,Streuselbr√∂tchen,Bro or no?,Bro or no?,15,12,11,15,12,15,Rafael Miranda Lima,Henning Franzel,,,Olivier Saunier,Alexandre Thiolli√®re,,
Bracket Stage new,Open Contender,Bracket A,Round of 32,Best of 3,Holy T,Raptor and Wolf,Holy T,15,12,15,13,,,Jannik Tiemann,Benny Gottwald,,,Alexandre Esposito,Martin Clotman,,
Bracket Stage new,Open Contender,Bracket A,Round of 32,Best of 3,Brussels Canine ü¶ä,Kreutzer/Klapperich,Kreutzer/Klapperich,7,15,13,15,,,Gilles Hublet,Igor Jottrand,,,Kaspar Kreutzer,Justus Klapperich,,
Bracket Stage new,Open Contender,Bracket A,Round of 32,Best of 3,RCG ChrisTops,Lim√≥n y Pumba,RCG ChrisTops,15,12,15,11,,,Thomas Pschaid,Christoph Lorenzoni,,,Tavo Garcia,Topias Zein,,
Bracket Stage new,Open Contender,Bracket A,Round of 32,Best of 3,Bacchus e benessere,RRR (Rnt Rivals Reunited) üêØ,RRR (Rnt Rivals Reunited) üêØ,15,8,13,15,13,15,Louen Previtali,luc beltrando,,,Senthil Siva,Alberto Amato,,
Bracket Stage new,Open Contender,Bracket A,Round of 32,Best of 3,Les Joutoux,Xavi / Chris,Xavi / Chris,15,13,16,17,13,15,Bryan Rodon,Emeric Lemoine,,,Xavi Fermoso,Christopher Behrmann,,
Bracket Stage new,Open Contender,Bracket A,Round of 32,Best of 3,TBC - To Be Catalan,Insane Mainzset,Insane Mainzset,10,15,13,15,,,Ernest Cardona Plantada,Paul Volle,,,Lars Rudorf,Malte Fromm,,
Bracket Stage new,Open Contender,Bracket A,Round of 16,Best of 3,SSUP Conga,Insane Mainzset,SSUP Conga,12,15,16,14,16,14,Bendix He√ü,Noah Rohloff,,,Lars Rudorf,Malte Fromm,,
Bracket Stage new,Open Contender,Bracket A,Round of 16,Best of 3,Uno Reverse,Xavi / Chris,Uno Reverse,15,8,15,9,,,Martijn Paes,Daan Paes,,,Xavi Fermoso,Christopher Behrmann,,
Bracket Stage new,Open Contender,Bracket A,Round of 16,Best of 3,Blueberrinni Octopussinni,RRR (Rnt Rivals Reunited) üêØ,Blueberrinni Octopussinni,15,11,15,10,,,Sebastiano Guerra,Guillaume Van Eeckhaute,,,Senthil Siva,Alberto Amato,,
Bracket Stage new,Open Contender,Bracket A,Round of 16,Best of 3,Chaos Theory,RCG ChrisTops,Chaos Theory,15,8,15,10,,,Christian Br√∏dsgaard,Mathias Linnet,,,Thomas Pschaid,Christoph Lorenzoni,,
Bracket Stage new,Open Contender,Bracket A,Round of 16,Best of 3,Deepdive-Darmstadt,Kreutzer/Klapperich,Kreutzer/Klapperich,15,13,15,17,9,15,Niklas Gr√ºnewald,Max Syndikus,,,Kaspar Kreutzer,Justus Klapperich,,
Bracket Stage new,Open Contender,Bracket A,Round of 16,Best of 3,Holesome,Holy T,Holesome,15,12,15,9,,,Till Ullmann,Paul Schirop,,,Jannik Tiemann,Benny Gottwald,,
Bracket Stage new,Open Contender,Bracket A,Round of 16,Best of 3,WS Dudzik/Kusztal,Bro or no?,WS Dudzik/Kusztal,17,16,11,15,15,13,Jakub Kusztal,Janek Dudzik,,,Olivier Saunier,Alexandre Thiolli√®re,,
Bracket Stage new,Open Contender,Bracket A,Round of 16,Best of 3,Double Roll Up,WS Git Back,WS Git Back,9,15,17,19,,,Alexandre ROLLOIS,Antoine .R,,,Max ≈Åochowski,Joe Kerridge,,
Bracket Stage new,Open Contender,Bracket A,P17: Round of 16,Single game,TBC - To Be Catalan,Defensive Duo,Defensive Duo,17,21,,,,,Ernest Cardona Plantada,Paul Volle,,,Tomer Kedar,Micha Daling,,
Bracket Stage new,Open Contender,Bracket A,P17: Round of 16,Single game,Les Joutoux,dunno,dunno,14,21,,,,,Bryan Rodon,Emeric Lemoine,,,Oscar De Ridder,Pierre H√ºlsemann,,
Bracket Stage new,Open Contender,Bracket A,P17: Round of 16,Single game,Bacchus e benessere,16Max ü¶ä,Bacchus e benessere,21,18,,,,,Louen Previtali,luc beltrando,,,Cesar Jottrand,Maxime Despontin,,
Bracket Stage new,Open Contender,Bracket A,P17: Round of 16,Single game,Brussels Canine ü¶ä,WS Beer,Brussels Canine ü¶ä,21,15,,,,,Gilles Hublet,Igor Jottrand,,,Micha≈Ç Kusztal,Mateusz Kusztal,,
Bracket Stage new,Open Contender,Bracket A,P17: Round of 16,Single game,Raptor and Wolf,WaWaWeeWa,WaWaWeeWa,18,21,,,,,Alexandre Esposito,Martin Clotman,,,Fabian Hagen,Maher Saadeddin,,
Bracket Stage new,Open Contender,Bracket A,P17: Round of 16,Single game,Streuselbr√∂tchen,Flying Focas,Flying Focas,22,24,,,,,Rafael Miranda Lima,Henning Franzel,,,Maximilian Portee,Franco Munoz,,
Bracket Stage new,Open Contender,Bracket A,P17: Round of 16,Single game,Demon Time,V-Kings,Demon Time,21,14,,,,,Toan Pauwels,Irian Baert,,,wout thysens,Tuur Demaegdt,,
Bracket Stage new,Open Contender,Bracket A,Quarter-final,Best of 3,SSUP Conga,WS Git Back,SSUP Conga,15,12,15,9,,,Bendix He√ü,Noah Rohloff,,,Max ≈Åochowski,Joe Kerridge,,
Bracket Stage new,Open Contender,Bracket A,Quarter-final,Best of 3,Uno Reverse,WS Dudzik/Kusztal,Uno Reverse,1,0,0,1,1,0,Martijn Paes,Daan Paes,,,Jakub Kusztal,Janek Dudzik,,
Bracket Stage new,Open Contender,Bracket A,Quarter-final,Best of 3,Blueberrinni Octopussinni,Holesome,Holesome,16,18,15,17,,,Sebastiano Guerra,Guillaume Van Eeckhaute,,,Till Ullmann,Paul Schirop,,
Bracket Stage new,Open Contender,Bracket A,Quarter-final,Best of 3,Chaos Theory,Kreutzer/Klapperich,Kreutzer/Klapperich,15,11,9,15,12,15,Christian Br√∏dsgaard,Mathias Linnet,,,Kaspar Kreutzer,Justus Klapperich,,
Bracket Stage new,Open Contender,Bracket A,P9: Quarter-final,Single game,Double Roll Up,Insane Mainzset,Insane Mainzset,19,21,,,,,Alexandre ROLLOIS,Antoine .R,,,Lars Rudorf,Malte Fromm,,
Bracket Stage new,Open Contender,Bracket A,P9: Quarter-final,Single game,Bro or no?,Xavi / Chris,Bro or no?,25,23,,,,,Olivier Saunier,Alexandre Thiolli√®re,,,Xavi Fermoso,Christopher Behrmann,,
Bracket Stage new,Open Contender,Bracket A,P9: Quarter-final,Single game,Holy T,RRR (Rnt Rivals Reunited) üêØ,Holy T,21,16,,,,,Jannik Tiemann,Benny Gottwald,,,Senthil Siva,Alberto Amato,,
Bracket Stage new,Open Contender,Bracket A,P9: Quarter-final,Single game,Deepdive-Darmstadt,RCG ChrisTops,RCG ChrisTops,20,22,,,,,Niklas Gr√ºnewald,Max Syndikus,,,Thomas Pschaid,Christoph Lorenzoni,,
Bracket Stage new,Open Contender,Bracket A,P17: Quarter-final,Single game,Defensive Duo,Demon Time,Demon Time,16,21,,,,,Tomer Kedar,Micha Daling,,,Toan Pauwels,Irian Baert,,
Bracket Stage new,Open Contender,Bracket A,P17: Quarter-final,Single game,dunno,Flying Focas,dunno,21,17,,,,,Oscar De Ridder,Pierre H√ºlsemann,,,Maximilian Portee,Franco Munoz,,
Bracket Stage new,Open Contender,Bracket A,P17: Quarter-final,Single game,Bacchus e benessere,WaWaWeeWa,WaWaWeeWa,7,21,,,,,Louen Previtali,luc beltrando,,,Fabian Hagen,Maher Saadeddin,,
Bracket Stage new,Open Contender,Bracket A,P17: Quarter-final,Single game,Lim√≥n y Pumba,Brussels Canine ü¶ä,Lim√≥n y Pumba,21,19,,,,,Tavo Garcia,Topias Zein,,,Gilles Hublet,Igor Jottrand,,
Bracket Stage new,Open Contender,Bracket A,P25: Quarter-final,Single game,V-Kings,TBC - To Be Catalan,V-Kings,21,16,,,,,wout thysens,Tuur Demaegdt,,,Ernest Cardona Plantada,Paul Volle,,
Bracket Stage new,Open Contender,Bracket A,P25: Quarter-final,Single game,Streuselbr√∂tchen,Les Joutoux,Streuselbr√∂tchen,22,20,,,,,Rafael Miranda Lima,Henning Franzel,,,Bryan Rodon,Emeric Lemoine,,
Bracket Stage new,Open Contender,Bracket A,P25: Quarter-final,Single game,Raptor and Wolf,16Max ü¶ä,Raptor and Wolf,21,11,,,,,Alexandre Esposito,Martin Clotman,,,Cesar Jottrand,Maxime Despontin,,
Bracket Stage new,Open Contender,Bracket A,Semi-final,Best of 3,SSUP Conga,Kreutzer/Klapperich,Kreutzer/Klapperich,0,1,0,1,,,Bendix He√ü,Noah Rohloff,,,Kaspar Kreutzer,Justus Klapperich,,
Bracket Stage new,Open Contender,Bracket A,Semi-final,Best of 3,Uno Reverse,Holesome,Uno Reverse,21,16,19,21,25,23,Martijn Paes,Daan Paes,,,Till Ullmann,Paul Schirop,,
Bracket Stage new,Open Contender,Bracket A,P5: Semi-final,Single game,Chaos Theory,WS Git Back,Chaos Theory,21,13,,,,,Christian Br√∏dsgaard,Mathias Linnet,,,Max ≈Åochowski,Joe Kerridge,,
Bracket Stage new,Open Contender,Bracket A,P5: Semi-final,Single game,Blueberrinni Octopussinni,WS Dudzik/Kusztal,WS Dudzik/Kusztal,19,21,,,,,Sebastiano Guerra,Guillaume Van Eeckhaute,,,Jakub Kusztal,Janek Dudzik,,
Bracket Stage new,Open Contender,Bracket A,P9: Semi-final,Single game,Insane Mainzset,RCG ChrisTops,RCG ChrisTops,17,21,,,,,Lars Rudorf,Malte Fromm,,,Thomas Pschaid,Christoph Lorenzoni,,
Bracket Stage new,Open Contender,Bracket A,P9: Semi-final,Single game,Bro or no?,Holy T,Holy T,19,21,,,,,Olivier Saunier,Alexandre Thiolli√®re,,,Jannik Tiemann,Benny Gottwald,,
Bracket Stage new,Open Contender,Bracket A,P13: Semi-final,Single game,Deepdive-Darmstadt,Double Roll Up,Deepdive-Darmstadt,21,19,,,,,Niklas Gr√ºnewald,Max Syndikus,,,Alexandre ROLLOIS,Antoine .R,,
Bracket Stage new,Open Contender,Bracket A,P13: Semi-final,Single game,RRR (Rnt Rivals Reunited) üêØ,Xavi / Chris,Xavi / Chris,12,21,,,,,Senthil Siva,Alberto Amato,,,Xavi Fermoso,Christopher Behrmann,,
Bracket Stage new,Open Contender,Bracket A,P17: Semi-final,Single game,Demon Time,Lim√≥n y Pumba,Demon Time,36,34,,,,,Toan Pauwels,Irian Baert,,,Tavo Garcia,Topias Zein,,
Bracket Stage new,Open Contender,Bracket A,P17: Semi-final,Single game,dunno,WaWaWeeWa,dunno,21,17,,,,,Oscar De Ridder,Pierre H√ºlsemann,,,Fabian Hagen,Maher Saadeddin,,
Bracket Stage new,Open Contender,Bracket A,P21: Semi-final,Single game,Brussels Canine ü¶ä,Defensive Duo,Defensive Duo,22,24,,,,,Gilles Hublet,Igor Jottrand,,,Tomer Kedar,Micha Daling,,
Bracket Stage new,Open Contender,Bracket A,P21: Semi-final,Single game,Bacchus e benessere,Flying Focas,Bacchus e benessere,21,18,,,,,Louen Previtali,luc beltrando,,,Maximilian Portee,Franco Munoz,,
Bracket Stage new,Open Contender,Bracket A,P25: Semi-final,Single game,V-Kings,WS Beer,WS Beer,14,21,,,,,wout thysens,Tuur Demaegdt,,,Micha≈Ç Kusztal,Mateusz Kusztal,,
Bracket Stage new,Open Contender,Bracket A,P25: Semi-final,Single game,Streuselbr√∂tchen,Raptor and Wolf,Streuselbr√∂tchen,21,16,,,,,Rafael Miranda Lima,Henning Franzel,,,Alexandre Esposito,Martin Clotman,,
Bracket Stage new,Open Contender,Bracket A,P29: Semi-final,Single game,16Max ü¶ä,Les Joutoux,Les Joutoux,17,21,,,,,Cesar Jottrand,Maxime Despontin,,,Bryan Rodon,Emeric Lemoine,,
Bracket Stage new,Open Contender,Bracket A,Final,Best of 3,Kreutzer/Klapperich,Uno Reverse,Uno Reverse,0,1,1,0,0,1,Kaspar Kreutzer,Justus Klapperich,,,Martijn Paes,Daan Paes,,
Bracket Stage new,Open Contender,Bracket A,P3: Final,Single game,Holesome,SSUP Conga,Holesome,21,19,,,,,Till Ullmann,Paul Schirop,,,Bendix He√ü,Noah Rohloff,,
Bracket Stage new,Open Contender,Bracket A,P5: Final,Single game,Chaos Theory,WS Dudzik/Kusztal,WS Dudzik/Kusztal,18,21,,,,,Christian Br√∏dsgaard,Mathias Linnet,,,Jakub Kusztal,Janek Dudzik,,
Bracket Stage new,Open Contender,Bracket A,P11: Final,Single game,Bro or no?,Insane Mainzset,Bro or no?,1,0,,,,,Olivier Saunier,Alexandre Thiolli√®re,,,Lars Rudorf,Malte Fromm,,
Bracket Stage new,Open Contender,Bracket A,P13: Final,Single game,Deepdive-Darmstadt,Xavi / Chris,Xavi / Chris,24,26,,,,,Niklas Gr√ºnewald,Max Syndikus,,,Xavi Fermoso,Christopher Behrmann,,
Bracket Stage new,Open Contender,Bracket A,P17: Final,Single game,Demon Time,dunno,Demon Time,21,18,,,,,Toan Pauwels,Irian Baert,,,Oscar De Ridder,Pierre H√ºlsemann,,
Bracket Stage new,Open Contender,Bracket A,P23: Final,Single game,Flying Focas,Brussels Canine ü¶ä,Flying Focas,21,19,,,,,Maximilian Portee,Franco Munoz,,,Gilles Hublet,Igor Jottrand,,
Bracket Stage new,Open Contender,Bracket B,Round of 16,Best of 3,Men in block,Antwerp Raptors ü¶ñ,Men in block,15,10,15,10,,,Quentin COUYRAS,Jean Kervella,,,Brecht Van den Steen,Niels Verbois,,
Bracket Stage new,Open Contender,Bracket B,Round of 16,Best of 3,Back to the drawing board,Don‚Äòt poke the lobsters,Back to the drawing board,17,16,15,10,,,Daniel Ashton,Charlie Wilson,,,Nicolas Manneback,Kai Svoboda,,
Bracket Stage new,Open Contender,Bracket B,Round of 16,Best of 3,Holy Duck,Titanic Duo,Holy Duck,15,10,15,11,,,Jakob Blaaholm Nielsen,David Lyngbye,,,Fouliard Baptiste,Quentin Rouhier,,
Bracket Stage new,Open Contender,Bracket B,Round of 16,Best of 3,Le beurre et l'argent du beurre,WS Go≈Çaszewski/Foks,Le beurre et l'argent du beurre,15,10,15,10,,,Alec Gautier,karim lahoud,,,Andrzej Go≈Çaszewski,Mateusz Foks,,
Bracket Stage new,Open Contender,Bracket B,Round of 16,Best of 3,NEM Tropical Vikings,Createam,Createam,13,15,17,15,14,16,Johannes Modalsli,Gerardo Goar,,,Harshil Shah,Andrew Pelton,,
Bracket Stage new,Open Contender,Bracket B,Round of 16,Best of 3,Swisschoclate,SpikeOps,Swisschoclate,16,15,13,15,15,13,No√© Reinhardt,Th√©o Zwahlen,,,Adriaan Van Gerven,Wout Seynaeve,,
Bracket Stage new,Open Contender,Bracket B,Quarter-final,Best of 3,Les petits flocons,Swisschoclate,Les petits flocons,1,0,0,1,1,0,Simon Chervin,Remi Salles,,,No√© Reinhardt,Th√©o Zwahlen,,
Bracket Stage new,Open Contender,Bracket B,Quarter-final,Best of 3,Men in block,Le beurre et l'argent du beurre,Le beurre et l'argent du beurre,15,12,13,15,8,15,Quentin COUYRAS,Jean Kervella,,,Alec Gautier,karim lahoud,,
Bracket Stage new,Open Contender,Bracket B,Quarter-final,Best of 3,Back to the drawing board,Holy Duck,Holy Duck,10,15,11,15,,,Daniel Ashton,Charlie Wilson,,,Jakob Blaaholm Nielsen,David Lyngbye,,
Bracket Stage new,Open Contender,Bracket B,P9: Quarter-final,Single game,WS Go≈Çaszewski/Foks,Antwerp Raptors ü¶ñ,Antwerp Raptors ü¶ñ,25,27,,,,,Andrzej Go≈Çaszewski,Mateusz Foks,,,Brecht Van den Steen,Niels Verbois,,
Bracket Stage new,Open Contender,Bracket B,P9: Quarter-final,Single game,Titanic Duo,Don‚Äòt poke the lobsters,Don‚Äòt poke the lobsters,15,21,,,,,Fouliard Baptiste,Quentin Rouhier,,,Nicolas Manneback,Kai Svoboda,,
Bracket Stage new,Open Contender,Bracket B,Semi-final,Best of 3,Les petits flocons,Holy Duck,Les petits flocons,1,0,0,1,1,0,Simon Chervin,Remi Salles,,,Jakob Blaaholm Nielsen,David Lyngbye,,
Bracket Stage new,Open Contender,Bracket B,Semi-final,Best of 3,Createam,Le beurre et l'argent du beurre,Le beurre et l'argent du beurre,11,15,11,15,,,Harshil Shah,Andrew Pelton,,,Alec Gautier,karim lahoud,,
Bracket Stage new,Open Contender,Bracket B,P5: Semi-final,Single game,Back to the drawing board,Swisschoclate,Swisschoclate,0,1,1,0,0,1,Daniel Ashton,Charlie Wilson,,,No√© Reinhardt,Th√©o Zwahlen,,
Bracket Stage new,Open Contender,Bracket B,P9: Semi-final,Single game,SpikeOps,Don‚Äòt poke the lobsters,SpikeOps,21,17,,,,,Adriaan Van Gerven,Wout Seynaeve,,,Nicolas Manneback,Kai Svoboda,,
Bracket Stage new,Open Contender,Bracket B,P9: Semi-final,Single game,NEM Tropical Vikings,Antwerp Raptors ü¶ñ,NEM Tropical Vikings,21,14,,,,,Johannes Modalsli,Gerardo Goar,,,Brecht Van den Steen,Niels Verbois,,
Bracket Stage new,Open Contender,Bracket B,Final,Best of 3,Les petits flocons,Le beurre et l'argent du beurre,Les petits flocons,1,0,1,0,,,Simon Chervin,Remi Salles,,,Alec Gautier,karim lahoud,,
Bracket Stage new,Open Contender,Bracket B,P5: Final,Single game,Swisschoclate,Men in block,Swisschoclate,1,0,0,1,1,0,No√© Reinhardt,Th√©o Zwahlen,,,Quentin COUYRAS,Jean Kervella,,
Bracket Stage new,Open Contender,Bracket B,P9: Final,Single game,SpikeOps,NEM Tropical Vikings,SpikeOps,1,0,1,0,,,Adriaan Van Gerven,Wout Seynaeve,,,Johannes Modalsli,Gerardo Goar,,
Bracket Stage new,Open Contender,Bracket B,P13: Final,Single game,Titanic Duo,WS Go≈Çaszewski/Foks,WS Go≈Çaszewski/Foks,15,21,,,,,Fouliard Baptiste,Quentin Rouhier,,,Andrzej Go≈Çaszewski,Mateusz Foks,,
Group Stage,Women's Pro,Group A,1,Single game,Zanella/Kadlec,somos belgos,Zanella/Kadlec,15,7,,,,,Silvia Zanella,Daniela Kadlec,,,Margaux Thieren,Juliette Dumesnil,,
Group Stage,Women's Pro,Group A,1,Single game,al dente,Zinondine Zidane,al dente,15,11,,,,,Sophie Cooke,Mirjam Wiedmer,,,ondine novarese,Ana√Øs Duport,,
Group Stage,Women's Pro,Group B,1,Single game,Ferd&Friend,Slay,Slay,10,15,,,,,Ronja Lorenz,Jessi Riedelsheimer,,,Klara Bauer,Sophia Walter,,
Group Stage,Women's Pro,Group B,1,Single game,Waves Energy,AA,AA,5,15,,,,,Beatrice TƒÉrƒÉ»ôilƒÉ,Alina P√Ærlea,,,Amely Joly,Aylin Altenwegner,,
Group Stage,Women's Pro,Group C,1,Single game,C‚Äôest ok.,069 Biflickual,C‚Äôest ok.,15,5,,,,,Jade Lacombe,In√®s Paysan,,,Theresa Henke,Ricarda Witt,,
Group Stage,Women's Pro,Group D,1,Single game,1998 Energy,alles gr√ºn,alles gr√ºn,12,15,,,,,Sabina Labonc,Nicole Fatt,,,Saskia Benter,Nora Haas,,
Group Stage,Women's Pro,Group A,2,Single game,Zanella/Kadlec,Zinondine Zidane,Zanella/Kadlec,15,12,,,,,Silvia Zanella,Daniela Kadlec,,,ondine novarese,Ana√Øs Duport,,
Group Stage,Women's Pro,Group A,2,Single game,al dente,somos belgos,al dente,15,9,,,,,Sophie Cooke,Mirjam Wiedmer,,,Margaux Thieren,Juliette Dumesnil,,
Group Stage,Women's Pro,Group B,2,Single game,Ferd&Friend,AA,Ferd&Friend,15,13,,,,,Ronja Lorenz,Jessi Riedelsheimer,,,Amely Joly,Aylin Altenwegner,,
Group Stage,Women's Pro,Group B,2,Single game,Waves Energy,Slay,Slay,7,15,,,,,Beatrice TƒÉrƒÉ»ôilƒÉ,Alina P√Ærlea,,,Klara Bauer,Sophia Walter,,
Group Stage,Women's Pro,Group C,2,Single game,C‚Äôest ok.,Rise and Smash,C‚Äôest ok.,15,13,,,,,Jade Lacombe,In√®s Paysan,,,Svenja K√ºhner,Jule Grill,,
Group Stage,Women's Pro,Group D,2,Single game,1998 Energy,Lock‚Äòn roll,Lock‚Äòn roll,12,15,,,,,Sabina Labonc,Nicole Fatt,,,Alina Teskey,Theresa Knauf,,
Group Stage,Women's Pro,Group A,3,Single game,Zanella/Kadlec,al dente,Zanella/Kadlec,15,5,,,,,Silvia Zanella,Daniela Kadlec,,,Sophie Cooke,Mirjam Wiedmer,,
Group Stage,Women's Pro,Group A,3,Single game,Zinondine Zidane,somos belgos,Zinondine Zidane,15,7,,,,,ondine novarese,Ana√Øs Duport,,,Margaux Thieren,Juliette Dumesnil,,
Group Stage,Women's Pro,Group B,3,Single game,Ferd&Friend,Waves Energy,Waves Energy,10,15,,,,,Ronja Lorenz,Jessi Riedelsheimer,,,Beatrice TƒÉrƒÉ»ôilƒÉ,Alina P√Ærlea,,
Group Stage,Women's Pro,Group B,3,Single game,AA,Slay,Slay,14,15,,,,,Amely Joly,Aylin Altenwegner,,,Klara Bauer,Sophia Walter,,
Group Stage,Women's Pro,Group C,3,Single game,Rise and Smash,069 Biflickual,069 Biflickual,12,15,,,,,Svenja K√ºhner,Jule Grill,,,Theresa Henke,Ricarda Witt,,
Group Stage,Women's Pro,Group D,3,Single game,Lock‚Äòn roll,alles gr√ºn,Lock‚Äòn roll,15,10,,,,,Alina Teskey,Theresa Knauf,,,Saskia Benter,Nora Haas,,
Group Stage,Women's Pro,Group A,4,Single game,Zanella/Kadlec,somos belgos,Zanella/Kadlec,15,4,,,,,Silvia Zanella,Daniela Kadlec,,,Margaux Thieren,Juliette Dumesnil,,
Group Stage,Women's Pro,Group A,4,Single game,al dente,Zinondine Zidane,Zinondine Zidane,13,15,,,,,Sophie Cooke,Mirjam Wiedmer,,,ondine novarese,Ana√Øs Duport,,
Group Stage,Women's Pro,Group B,4,Single game,Ferd&Friend,Slay,Slay,14,15,,,,,Ronja Lorenz,Jessi Riedelsheimer,,,Klara Bauer,Sophia Walter,,
Group Stage,Women's Pro,Group B,4,Single game,Waves Energy,AA,AA,12,15,,,,,Beatrice TƒÉrƒÉ»ôilƒÉ,Alina P√Ærlea,,,Amely Joly,Aylin Altenwegner,,
Group Stage,Women's Pro,Group C,4,Single game,C‚Äôest ok.,069 Biflickual,C‚Äôest ok.,15,10,,,,,Jade Lacombe,In√®s Paysan,,,Theresa Henke,Ricarda Witt,,
Group Stage,Women's Pro,Group D,4,Single game,1998 Energy,alles gr√ºn,alles gr√ºn,13,15,,,,,Sabina Labonc,Nicole Fatt,,,Saskia Benter,Nora Haas,,
Group Stage,Women's Pro,Group A,5,Single game,Zanella/Kadlec,Zinondine Zidane,Zanella/Kadlec,15,9,,,,,Silvia Zanella,Daniela Kadlec,,,ondine novarese,Ana√Øs Duport,,
Group Stage,Women's Pro,Group A,5,Single game,al dente,somos belgos,al dente,15,14,,,,,Sophie Cooke,Mirjam Wiedmer,,,Margaux Thieren,Juliette Dumesnil,,
Group Stage,Women's Pro,Group B,5,Single game,Ferd&Friend,AA,Ferd&Friend,15,10,,,,,Ronja Lorenz,Jessi Riedelsheimer,,,Amely Joly,Aylin Altenwegner,,
Group Stage,Women's Pro,Group B,5,Single game,Waves Energy,Slay,Slay,1,15,,,,,Beatrice TƒÉrƒÉ»ôilƒÉ,Alina P√Ærlea,,,Klara Bauer,Sophia Walter,,
Group Stage,Women's Pro,Group C,5,Single game,C‚Äôest ok.,Rise and Smash,C‚Äôest ok.,15,9,,,,,Jade Lacombe,In√®s Paysan,,,Svenja K√ºhner,Jule Grill,,
Group Stage,Women's Pro,Group D,5,Single game,1998 Energy,Lock‚Äòn roll,Lock‚Äòn roll,8,15,,,,,Sabina Labonc,Nicole Fatt,,,Alina Teskey,Theresa Knauf,,
Group Stage,Women's Pro,Group A,6,Single game,Zanella/Kadlec,al dente,Zanella/Kadlec,15,2,,,,,Silvia Zanella,Daniela Kadlec,,,Sophie Cooke,Mirjam Wiedmer,,
Group Stage,Women's Pro,Group A,6,Single game,Zinondine Zidane,somos belgos,Zinondine Zidane,15,11,,,,,ondine novarese,Ana√Øs Duport,,,Margaux Thieren,Juliette Dumesnil,,
Group Stage,Women's Pro,Group B,6,Single game,Ferd&Friend,Waves Energy,Ferd&Friend,15,10,,,,,Ronja Lorenz,Jessi Riedelsheimer,,,Beatrice TƒÉrƒÉ»ôilƒÉ,Alina P√Ærlea,,
Group Stage,Women's Pro,Group B,6,Single game,AA,Slay,Slay,5,15,,,,,Amely Joly,Aylin Altenwegner,,,Klara Bauer,Sophia Walter,,
Group Stage,Women's Pro,Group C,6,Single game,Rise and Smash,069 Biflickual,Rise and Smash,15,10,,,,,Svenja K√ºhner,Jule Grill,,,Theresa Henke,Ricarda Witt,,
Group Stage,Women's Pro,Group D,6,Single game,Lock‚Äòn roll,alles gr√ºn,alles gr√ºn,8,15,,,,,Alina Teskey,Theresa Knauf,,,Saskia Benter,Nora Haas,,
Bracket Stage new,Women's Pro,Bracket A,Round of 16,Best of 3,C‚Äôest ok.,somos belgos,C‚Äôest ok.,15,7,15,7,,,Jade Lacombe,In√®s Paysan,,,Margaux Thieren,Juliette Dumesnil,,
Bracket Stage new,Women's Pro,Bracket A,Round of 16,Best of 3,Lock‚Äòn roll,Waves Energy,Lock‚Äòn roll,15,8,15,9,,,Alina Teskey,Theresa Knauf,,,Beatrice TƒÉrƒÉ»ôilƒÉ,Alina P√Ærlea,,
Bracket Stage new,Women's Pro,Bracket A,Round of 16,Best of 3,alles gr√ºn,1998 Energy,alles gr√ºn,15,13,17,16,,,Saskia Benter,Nora Haas,,,Sabina Labonc,Nicole Fatt,,
Bracket Stage new,Women's Pro,Bracket A,Round of 16,Best of 3,Ferd&Friend,AA,Ferd&Friend,15,13,15,10,,,Ronja Lorenz,Jessi Riedelsheimer,,,Amely Joly,Aylin Altenwegner,,
Bracket Stage new,Women's Pro,Bracket A,Round of 16,Best of 3,Zinondine Zidane,069 Biflickual,069 Biflickual,12,15,7,15,,,ondine novarese,Ana√Øs Duport,,,Theresa Henke,Ricarda Witt,,
Bracket Stage new,Women's Pro,Bracket A,Round of 16,Best of 3,Rise and Smash,al dente,Rise and Smash,15,11,15,9,,,Svenja K√ºhner,Jule Grill,,,Sophie Cooke,Mirjam Wiedmer,,
Bracket Stage new,Women's Pro,Bracket A,Quarter-final,Best of 3,Zanella/Kadlec,Rise and Smash,Zanella/Kadlec,15,12,15,6,,,Silvia Zanella,Daniela Kadlec,,,Svenja K√ºhner,Jule Grill,,
Bracket Stage new,Women's Pro,Bracket A,Quarter-final,Best of 3,Slay,069 Biflickual,Slay,16,14,15,13,,,Klara Bauer,Sophia Walter,,,Theresa Henke,Ricarda Witt,,
Bracket Stage new,Women's Pro,Bracket A,Quarter-final,Best of 3,C‚Äôest ok.,Ferd&Friend,Ferd&Friend,10,15,16,17,,,Jade Lacombe,In√®s Paysan,,,Ronja Lorenz,Jessi Riedelsheimer,,
Bracket Stage new,Women's Pro,Bracket A,Quarter-final,Best of 3,Lock‚Äòn roll,alles gr√ºn,alles gr√ºn,15,10,10,15,13,15,Alina Teskey,Theresa Knauf,,,Saskia Benter,Nora Haas,,
Bracket Stage new,Women's Pro,Bracket A,P9: Quarter-final,Single game,AA,somos belgos,AA,21,15,,,,,Amely Joly,Aylin Altenwegner,,,Margaux Thieren,Juliette Dumesnil,,
Bracket Stage new,Women's Pro,Bracket A,P9: Quarter-final,Single game,1998 Energy,Waves Energy,1998 Energy,22,20,,,,,Sabina Labonc,Nicole Fatt,,,Beatrice TƒÉrƒÉ»ôilƒÉ,Alina P√Ærlea,,
Bracket Stage new,Women's Pro,Bracket A,Semi-final,Best of 3,Zanella/Kadlec,alles gr√ºn,alles gr√ºn,18,21,21,16,18,21,Silvia Zanella,Daniela Kadlec,,,Saskia Benter,Nora Haas,,
Bracket Stage new,Women's Pro,Bracket A,Semi-final,Best of 3,Slay,Ferd&Friend,Slay,23,21,21,18,,,Klara Bauer,Sophia Walter,,,Ronja Lorenz,Jessi Riedelsheimer,,
Bracket Stage new,Women's Pro,Bracket A,P5: Semi-final,Single game,Lock‚Äòn roll,Rise and Smash,Lock‚Äòn roll,21,17,,,,,Alina Teskey,Theresa Knauf,,,Svenja K√ºhner,Jule Grill,,
Bracket Stage new,Women's Pro,Bracket A,P9: Semi-final,Single game,al dente,1998 Energy,al dente,21,18,,,,,Sophie Cooke,Mirjam Wiedmer,,,Sabina Labonc,Nicole Fatt,,
Bracket Stage new,Women's Pro,Bracket A,P9: Semi-final,Single game,Zinondine Zidane,AA,Zinondine Zidane,21,19,,,,,ondine novarese,Ana√Øs Duport,,,Amely Joly,Aylin Altenwegner,,
Bracket Stage new,Women's Pro,Bracket A,Final,Best of 3,alles gr√ºn,Slay,Slay,19,21,9,21,,,Saskia Benter,Nora Haas,,,Klara Bauer,Sophia Walter,,
Bracket Stage new,Women's Pro,Bracket A,P3: Final,Single game,Ferd&Friend,Zanella/Kadlec,Zanella/Kadlec,15,17,,,,,Ronja Lorenz,Jessi Riedelsheimer,,,Silvia Zanella,Daniela Kadlec,,
Bracket Stage new,Women's Pro,Bracket A,P5: Final,Single game,Lock‚Äòn roll,069 Biflickual,Lock‚Äòn roll,21,18,,,,,Alina Teskey,Theresa Knauf,,,Theresa Henke,Ricarda Witt,,
Bracket Stage new,Women's Pro,Bracket A,P9: Final,Single game,al dente,Zinondine Zidane,Zinondine Zidane,7,21,,,,,Sophie Cooke,Mirjam Wiedmer,,,ondine novarese,Ana√Øs Duport,,
Bracket Stage new,Women's Pro,Bracket A,P11: Final,Single game,AA,1998 Energy,1998 Energy,14,21,,,,,Amely Joly,Aylin Altenwegner,,,Sabina Labonc,Nicole Fatt,,
Bracket Stage new,Women's Pro,Bracket A,P13: Final,Single game,Waves Energy,somos belgos,Waves Energy,21,15,,,,,Beatrice TƒÉrƒÉ»ôilƒÉ,Alina P√Ærlea,,,Margaux Thieren,Juliette Dumesnil,,
Group Stage,Women's Contender,Group A,1,Single game,EZ socks-touch,Weber For The Win,EZ socks-touch,15,5,,,,,Valentine Pottez,Sarah Martinez,,,Sandra Sejersen,Julie Weber,,
Group Stage,Women's Contender,Group A,1,Single game,bei Teamnamen-kreativit√§t bin ich raus,Francobegl,Francobegl,10,15,,,,,Sara Pungor,Maja F√ºrste,,,Lauriane Zwolinski,Marie Jubault,,
Group Stage,Women's Contender,Group B,1,Single game,Swedish instant noodles,Mega!,Mega!,11,15,,,,,Ellinor Gustavsson,Nguyen Thi Thu Hien,,,Miriam Gedack,Marie Dominique Schmidt,,
Group Stage,Women's Contender,Group B,1,Single game,The strangers,Score please,Score please,3,15,,,,,Bec Dumesny,Anicea Saliba,,,Marie Corberand,Anne GERARD,,
Group Stage,Women's Contender,Group C,1,Single game,Crunchtime,BaySeps Boomers,Crunchtime,15,7,,,,,Larissa Haas,Lena Kurz,,,Nadia Enevoldsen,Liv Sepstrup,,
Group Stage,Women's Contender,Group C,1,Single game,WS KƒÖski,To be determined,To be determined,13,15,,,,,Pola Wolff,Julia Stawarek,,,Marine Hauch√®re,Julie Dussart,,
Group Stage,Women's Contender,Group D,1,Single game,Pros&Cons,Scream and shout,Pros&Cons,15,7,,,,,Charlotte Stierstorfer,Raphaela Pfund,,,Malika Billen,Lea Kiesel,,
Group Stage,Women's Contender,Group D,1,Single game,Ramoneuses de m√©nisques,Mashup,Ramoneuses de m√©nisques,15,3,,,,,Anna Kervo√´l,Aurore Gosselin,,,Theresa Schaufler,Becca Huang,,
Group Stage,Women's Contender,Group E,1,Single game,Yasi & Laura,Last Minute,Yasi & Laura,15,3,,,,,Yasmin Graeter,Laura Lucchiari,,,Lina Adel,Ana Vera Antunes Egidio,,
Group Stage,Women's Contender,Group F,1,Single game,NOidea,Freckle Forceüî•,Freckle Forceüî•,9,15,,,,,Rozi Ouali,Marianne Ferragina,,,Roos van der Wielen,Mady Smit,,
Group Stage,Women's Contender,Group G,1,Single game,Spikehagen Energy,Power Pals,Power Pals,7,15,,,,,Minna Chang Hansen,Nicoleta Toporas,,,Hella Senger,Alicia Wenten,,
Group Stage,Women's Contender,Group A,2,Single game,EZ socks-touch,Francobegl,EZ socks-touch,15,12,,,,,Valentine Pottez,Sarah Martinez,,,Lauriane Zwolinski,Marie Jubault,,
Group Stage,Women's Contender,Group A,2,Single game,bei Teamnamen-kreativit√§t bin ich raus,Weber For The Win,bei Teamnamen-kreativit√§t bin ich raus,15,8,,,,,Sara Pungor,Maja F√ºrste,,,Sandra Sejersen,Julie Weber,,
Group Stage,Women's Contender,Group B,2,Single game,Swedish instant noodles,Score please,Swedish instant noodles,15,9,,,,,Ellinor Gustavsson,Nguyen Thi Thu Hien,,,Marie Corberand,Anne GERARD,,
Group Stage,Women's Contender,Group B,2,Single game,The strangers,Mega!,Mega!,8,15,,,,,Bec Dumesny,Anicea Saliba,,,Miriam Gedack,Marie Dominique Schmidt,,
Group Stage,Women's Contender,Group C,2,Single game,Crunchtime,To be determined,Crunchtime,15,10,,,,,Larissa Haas,Lena Kurz,,,Marine Hauch√®re,Julie Dussart,,
Group Stage,Women's Contender,Group C,2,Single game,WS KƒÖski,BaySeps Boomers,BaySeps Boomers,6,15,,,,,Pola Wolff,Julia Stawarek,,,Nadia Enevoldsen,Liv Sepstrup,,
Group Stage,Women's Contender,Group D,2,Single game,Pros&Cons,Mashup,Pros&Cons,15,8,,,,,Charlotte Stierstorfer,Raphaela Pfund,,,Theresa Schaufler,Becca Huang,,
Group Stage,Women's Contender,Group D,2,Single game,Ramoneuses de m√©nisques,Scream and shout,Ramoneuses de m√©nisques,15,9,,,,,Anna Kervo√´l,Aurore Gosselin,,,Malika Billen,Lea Kiesel,,
Group Stage,Women's Contender,Group E,2,Single game,Yasi & Laura,Una & Teri,Yasi & Laura,15,7,,,,,Yasmin Graeter,Laura Lucchiari,,,Tereza Caltov√°,Una Ognjenovic,,
Group Stage,Women's Contender,Group F,2,Single game,NOidea,Totally spikes,NOidea,15,12,,,,,Rozi Ouali,Marianne Ferragina,,,Rikke Fredberg J√∏rgensen,Mie Korsholt,,
Group Stage,Women's Contender,Group G,2,Single game,Spikehagen Energy,RSH Goldigi Eierst√∂ck,RSH Goldigi Eierst√∂ck,16,17,,,,,Minna Chang Hansen,Nicoleta Toporas,,,Lisa Schiegg,Tosca Pecorino,,
Group Stage,Women's Contender,Group A,3,Single game,EZ socks-touch,bei Teamnamen-kreativit√§t bin ich raus,EZ socks-touch,15,13,,,,,Valentine Pottez,Sarah Martinez,,,Sara Pungor,Maja F√ºrste,,
Group Stage,Women's Contender,Group A,3,Single game,Francobegl,Weber For The Win,Francobegl,15,4,,,,,Lauriane Zwolinski,Marie Jubault,,,Sandra Sejersen,Julie Weber,,
Group Stage,Women's Contender,Group B,3,Single game,Swedish instant noodles,The strangers,Swedish instant noodles,15,11,,,,,Ellinor Gustavsson,Nguyen Thi Thu Hien,,,Bec Dumesny,Anicea Saliba,,
Group Stage,Women's Contender,Group B,3,Single game,Score please,Mega!,Mega!,9,15,,,,,Marie Corberand,Anne GERARD,,,Miriam Gedack,Marie Dominique Schmidt,,
Group Stage,Women's Contender,Group C,3,Single game,Crunchtime,WS KƒÖski,Crunchtime,15,6,,,,,Larissa Haas,Lena Kurz,,,Pola Wolff,Julia Stawarek,,
Group Stage,Women's Contender,Group C,3,Single game,To be determined,BaySeps Boomers,BaySeps Boomers,10,15,,,,,Marine Hauch√®re,Julie Dussart,,,Nadia Enevoldsen,Liv Sepstrup,,
Group Stage,Women's Contender,Group D,3,Single game,Pros&Cons,Ramoneuses de m√©nisques,Pros&Cons,15,12,,,,,Charlotte Stierstorfer,Raphaela Pfund,,,Anna Kervo√´l,Aurore Gosselin,,
Group Stage,Women's Contender,Group D,3,Single game,Mashup,Scream and shout,Scream and shout,5,15,,,,,Theresa Schaufler,Becca Huang,,,Malika Billen,Lea Kiesel,,
Group Stage,Women's Contender,Group E,3,Single game,Una & Teri,Last Minute,Una & Teri,15,5,,,,,Tereza Caltov√°,Una Ognjenovic,,,Lina Adel,Ana Vera Antunes Egidio,,
Group Stage,Women's Contender,Group F,3,Single game,Totally spikes,Freckle Forceüî•,Freckle Forceüî•,8,15,,,,,Rikke Fredberg J√∏rgensen,Mie Korsholt,,,Roos van der Wielen,Mady Smit,,
Group Stage,Women's Contender,Group G,3,Single game,RSH Goldigi Eierst√∂ck,Power Pals,Power Pals,13,15,,,,,Lisa Schiegg,Tosca Pecorino,,,Hella Senger,Alicia Wenten,,
Group Stage,Women's Contender,Group A,4,Single game,EZ socks-touch,Weber For The Win,EZ socks-touch,15,4,,,,,Valentine Pottez,Sarah Martinez,,,Sandra Sejersen,Julie Weber,,
Group Stage,Women's Contender,Group A,4,Single game,bei Teamnamen-kreativit√§t bin ich raus,Francobegl,Francobegl,10,15,,,,,Sara Pungor,Maja F√ºrste,,,Lauriane Zwolinski,Marie Jubault,,
Group Stage,Women's Contender,Group B,4,Single game,Swedish instant noodles,Mega!,Mega!,9,15,,,,,Ellinor Gustavsson,Nguyen Thi Thu Hien,,,Miriam Gedack,Marie Dominique Schmidt,,
Group Stage,Women's Contender,Group B,4,Single game,The strangers,Score please,Score please,5,15,,,,,Bec Dumesny,Anicea Saliba,,,Marie Corberand,Anne GERARD,,
Group Stage,Women's Contender,Group C,4,Single game,Crunchtime,BaySeps Boomers,Crunchtime,15,11,,,,,Larissa Haas,Lena Kurz,,,Nadia Enevoldsen,Liv Sepstrup,,
Group Stage,Women's Contender,Group C,4,Single game,WS KƒÖski,To be determined,WS KƒÖski,15,9,,,,,Pola Wolff,Julia Stawarek,,,Marine Hauch√®re,Julie Dussart,,
Group Stage,Women's Contender,Group D,4,Single game,Pros&Cons,Scream and shout,Pros&Cons,15,7,,,,,Charlotte Stierstorfer,Raphaela Pfund,,,Malika Billen,Lea Kiesel,,
Group Stage,Women's Contender,Group D,4,Single game,Ramoneuses de m√©nisques,Mashup,Ramoneuses de m√©nisques,15,8,,,,,Anna Kervo√´l,Aurore Gosselin,,,Theresa Schaufler,Becca Huang,,
Group Stage,Women's Contender,Group E,4,Single game,Yasi & Laura,Last Minute,Yasi & Laura,15,8,,,,,Yasmin Graeter,Laura Lucchiari,,,Lina Adel,Ana Vera Antunes Egidio,,
Group Stage,Women's Contender,Group F,4,Single game,NOidea,Freckle Forceüî•,Freckle Forceüî•,16,17,,,,,Rozi Ouali,Marianne Ferragina,,,Roos van der Wielen,Mady Smit,,
Group Stage,Women's Contender,Group G,4,Single game,Spikehagen Energy,Power Pals,Power Pals,8,15,,,,,Minna Chang Hansen,Nicoleta Toporas,,,Hella Senger,Alicia Wenten,,
Group Stage,Women's Contender,Group A,5,Single game,EZ socks-touch,Francobegl,EZ socks-touch,15,7,,,,,Valentine Pottez,Sarah Martinez,,,Lauriane Zwolinski,Marie Jubault,,
Group Stage,Women's Contender,Group A,5,Single game,bei Teamnamen-kreativit√§t bin ich raus,Weber For The Win,bei Teamnamen-kreativit√§t bin ich raus,15,7,,,,,Sara Pungor,Maja F√ºrste,,,Sandra Sejersen,Julie Weber,,
Group Stage,Women's Contender,Group B,5,Single game,Swedish instant noodles,Score please,Swedish instant noodles,15,13,,,,,Ellinor Gustavsson,Nguyen Thi Thu Hien,,,Marie Corberand,Anne GERARD,,
Group Stage,Women's Contender,Group B,5,Single game,The strangers,Mega!,Mega!,11,15,,,,,Bec Dumesny,Anicea Saliba,,,Miriam Gedack,Marie Dominique Schmidt,,
Group Stage,Women's Contender,Group C,5,Single game,Crunchtime,To be determined,Crunchtime,15,8,,,,,Larissa Haas,Lena Kurz,,,Marine Hauch√®re,Julie Dussart,,
Group Stage,Women's Contender,Group C,5,Single game,WS KƒÖski,BaySeps Boomers,BaySeps Boomers,11,15,,,,,Pola Wolff,Julia Stawarek,,,Nadia Enevoldsen,Liv Sepstrup,,
Group Stage,Women's Contender,Group D,5,Single game,Pros&Cons,Mashup,Pros&Cons,15,3,,,,,Charlotte Stierstorfer,Raphaela Pfund,,,Theresa Schaufler,Becca Huang,,
Group Stage,Women's Contender,Group D,5,Single game,Ramoneuses de m√©nisques,Scream and shout,Ramoneuses de m√©nisques,15,13,,,,,Anna Kervo√´l,Aurore Gosselin,,,Malika Billen,Lea Kiesel,,
Group Stage,Women's Contender,Group E,5,Single game,Yasi & Laura,Una & Teri,Yasi & Laura,15,10,,,,,Yasmin Graeter,Laura Lucchiari,,,Tereza Caltov√°,Una Ognjenovic,,
Group Stage,Women's Contender,Group F,5,Single game,NOidea,Totally spikes,Totally spikes,9,15,,,,,Rozi Ouali,Marianne Ferragina,,,Rikke Fredberg J√∏rgensen,Mie Korsholt,,
Group Stage,Women's Contender,Group G,5,Single game,Spikehagen Energy,RSH Goldigi Eierst√∂ck,Spikehagen Energy,15,11,,,,,Minna Chang Hansen,Nicoleta Toporas,,,Lisa Schiegg,Tosca Pecorino,,
Group Stage,Women's Contender,Group A,6,Single game,EZ socks-touch,bei Teamnamen-kreativit√§t bin ich raus,EZ socks-touch,15,10,,,,,Valentine Pottez,Sarah Martinez,,,Sara Pungor,Maja F√ºrste,,
Group Stage,Women's Contender,Group A,6,Single game,Francobegl,Weber For The Win,Francobegl,15,7,,,,,Lauriane Zwolinski,Marie Jubault,,,Sandra Sejersen,Julie Weber,,
Group Stage,Women's Contender,Group B,6,Single game,Swedish instant noodles,The strangers,Swedish instant noodles,15,9,,,,,Ellinor Gustavsson,Nguyen Thi Thu Hien,,,Bec Dumesny,Anicea Saliba,,
Group Stage,Women's Contender,Group B,6,Single game,Score please,Mega!,Mega!,12,15,,,,,Marie Corberand,Anne GERARD,,,Miriam Gedack,Marie Dominique Schmidt,,
Group Stage,Women's Contender,Group C,6,Single game,Crunchtime,WS KƒÖski,Crunchtime,15,5,,,,,Larissa Haas,Lena Kurz,,,Pola Wolff,Julia Stawarek,,
Group Stage,Women's Contender,Group C,6,Single game,To be determined,BaySeps Boomers,BaySeps Boomers,8,15,,,,,Marine Hauch√®re,Julie Dussart,,,Nadia Enevoldsen,Liv Sepstrup,,
Group Stage,Women's Contender,Group D,6,Single game,Pros&Cons,Ramoneuses de m√©nisques,Pros&Cons,15,11,,,,,Charlotte Stierstorfer,Raphaela Pfund,,,Anna Kervo√´l,Aurore Gosselin,,
Group Stage,Women's Contender,Group D,6,Single game,Mashup,Scream and shout,Scream and shout,12,15,,,,,Theresa Schaufler,Becca Huang,,,Malika Billen,Lea Kiesel,,
Group Stage,Women's Contender,Group E,6,Single game,Una & Teri,Last Minute,Una & Teri,15,6,,,,,Tereza Caltov√°,Una Ognjenovic,,,Lina Adel,Ana Vera Antunes Egidio,,
Group Stage,Women's Contender,Group F,6,Single game,Totally spikes,Freckle Forceüî•,Freckle Forceüî•,6,15,,,,,Rikke Fredberg J√∏rgensen,Mie Korsholt,,,Roos van der Wielen,Mady Smit,,
Group Stage,Women's Contender,Group G,6,Single game,RSH Goldigi Eierst√∂ck,Power Pals,RSH Goldigi Eierst√∂ck,15,10,,,,,Lisa Schiegg,Tosca Pecorino,,,Hella Senger,Alicia Wenten,,
Bracket Stage new,Women's Contender,Bracket A,Round of 32,Best of 3,Ramoneuses de m√©nisques,Weber For The Win,Ramoneuses de m√©nisques,15,13,15,13,,,Anna Kervo√´l,Aurore Gosselin,,,Sandra Sejersen,Julie Weber,,
Bracket Stage new,Women's Contender,Bracket A,Round of 32,Best of 3,Francobegl,Mashup,Francobegl,15,8,15,11,,,Lauriane Zwolinski,Marie Jubault,,,Theresa Schaufler,Becca Huang,,
Bracket Stage new,Women's Contender,Bracket A,Round of 32,Best of 3,BaySeps Boomers,The strangers,BaySeps Boomers,15,9,15,10,,,Nadia Enevoldsen,Liv Sepstrup,,,Bec Dumesny,Anicea Saliba,,
Bracket Stage new,Women's Contender,Bracket A,Round of 32,Best of 3,Una & Teri,To be determined,Una & Teri,15,10,15,6,,,Tereza Caltov√°,Una Ognjenovic,,,Marine Hauch√®re,Julie Dussart,,
Bracket Stage new,Women's Contender,Bracket A,Round of 32,Best of 3,Swedish instant noodles,WS KƒÖski,Swedish instant noodles,1,0,1,0,,,Ellinor Gustavsson,Nguyen Thi Thu Hien,,,Pola Wolff,Julia Stawarek,,
Bracket Stage new,Women's Contender,Bracket A,Round of 32,Best of 3,RSH Goldigi Eierst√∂ck,Last Minute,RSH Goldigi Eierst√∂ck,15,8,15,9,,,Lisa Schiegg,Tosca Pecorino,,,Lina Adel,Ana Vera Antunes Egidio,,
Bracket Stage new,Women's Contender,Bracket A,Round of 32,Best of 3,NOidea,Scream and shout,Scream and shout,12,15,12,15,,,Rozi Ouali,Marianne Ferragina,,,Malika Billen,Lea Kiesel,,
Bracket Stage new,Women's Contender,Bracket A,Round of 32,Best of 3,Spikehagen Energy,bei Teamnamen-kreativit√§t bin ich raus,Spikehagen Energy,15,12,13,15,15,13,Minna Chang Hansen,Nicoleta Toporas,,,Sara Pungor,Maja F√ºrste,,
Bracket Stage new,Women's Contender,Bracket A,Round of 32,Best of 3,Totally spikes,Score please,Score please,13,15,6,15,,,Rikke Fredberg J√∏rgensen,Mie Korsholt,,,Marie Corberand,Anne GERARD,,
Bracket Stage new,Women's Contender,Bracket A,Round of 16,Best of 3,Yasi & Laura,Score please,Yasi & Laura,9,15,15,10,15,12,Yasmin Graeter,Laura Lucchiari,,,Marie Corberand,Anne GERARD,,
Bracket Stage new,Women's Contender,Bracket A,Round of 16,Best of 3,Crunchtime,Spikehagen Energy,Crunchtime,15,6,15,10,,,Larissa Haas,Lena Kurz,,,Minna Chang Hansen,Nicoleta Toporas,,
Bracket Stage new,Women's Contender,Bracket A,Round of 16,Best of 3,Pros&Cons,Scream and shout,Pros&Cons,15,12,15,8,,,Charlotte Stierstorfer,Raphaela Pfund,,,Malika Billen,Lea Kiesel,,
Bracket Stage new,Women's Contender,Bracket A,Round of 16,Best of 3,EZ socks-touch,RSH Goldigi Eierst√∂ck,EZ socks-touch,15,11,15,8,,,Valentine Pottez,Sarah Martinez,,,Lisa Schiegg,Tosca Pecorino,,
Bracket Stage new,Women's Contender,Bracket A,Round of 16,Best of 3,Freckle Forceüî•,Swedish instant noodles,Freckle Forceüî•,16,14,10,15,15,10,Roos van der Wielen,Mady Smit,,,Ellinor Gustavsson,Nguyen Thi Thu Hien,,
Bracket Stage new,Women's Contender,Bracket A,Round of 16,Best of 3,Mega!,Una & Teri,Mega!,17,15,15,12,,,Miriam Gedack,Marie Dominique Schmidt,,,Tereza Caltov√°,Una Ognjenovic,,
Bracket Stage new,Women's Contender,Bracket A,Round of 16,Best of 3,Power Pals,BaySeps Boomers,Power Pals,15,9,15,9,,,Hella Senger,Alicia Wenten,,,Nadia Enevoldsen,Liv Sepstrup,,
Bracket Stage new,Women's Contender,Bracket A,Round of 16,Best of 3,Ramoneuses de m√©nisques,Francobegl,Ramoneuses de m√©nisques,15,9,12,15,16,14,Anna Kervo√´l,Aurore Gosselin,,,Lauriane Zwolinski,Marie Jubault,,
Bracket Stage new,Women's Contender,Bracket A,P17: Round of 16,Single game,Mashup,Weber For The Win,Mashup,23,21,,,,,Theresa Schaufler,Becca Huang,,,Sandra Sejersen,Julie Weber,,
Bracket Stage new,Women's Contender,Bracket A,Quarter-final,Best of 3,Yasi & Laura,Ramoneuses de m√©nisques,Ramoneuses de m√©nisques,15,10,12,15,13,15,Yasmin Graeter,Laura Lucchiari,,,Anna Kervo√´l,Aurore Gosselin,,
Bracket Stage new,Women's Contender,Bracket A,Quarter-final,Best of 3,Crunchtime,Power Pals,Crunchtime,15,12,13,15,15,12,Larissa Haas,Lena Kurz,,,Hella Senger,Alicia Wenten,,
Bracket Stage new,Women's Contender,Bracket A,Quarter-final,Best of 3,Pros&Cons,Mega!,Mega!,12,15,17,15,14,16,Charlotte Stierstorfer,Raphaela Pfund,,,Miriam Gedack,Marie Dominique Schmidt,,
Bracket Stage new,Women's Contender,Bracket A,Quarter-final,Best of 3,EZ socks-touch,Freckle Forceüî•,EZ socks-touch,15,10,15,10,,,Valentine Pottez,Sarah Martinez,,,Roos van der Wielen,Mady Smit,,
Bracket Stage new,Women's Contender,Bracket A,P9: Quarter-final,Single game,Francobegl,Score please,Score please,15,21,,,,,Lauriane Zwolinski,Marie Jubault,,,Marie Corberand,Anne GERARD,,
Bracket Stage new,Women's Contender,Bracket A,P9: Quarter-final,Single game,BaySeps Boomers,Spikehagen Energy,BaySeps Boomers,21,18,,,,,Nadia Enevoldsen,Liv Sepstrup,,,Minna Chang Hansen,Nicoleta Toporas,,
Bracket Stage new,Women's Contender,Bracket A,P9: Quarter-final,Single game,Una & Teri,Scream and shout,Scream and shout,19,21,,,,,Tereza Caltov√°,Una Ognjenovic,,,Malika Billen,Lea Kiesel,,
Bracket Stage new,Women's Contender,Bracket A,P9: Quarter-final,Single game,Swedish instant noodles,RSH Goldigi Eierst√∂ck,RSH Goldigi Eierst√∂ck,18,21,,,,,Ellinor Gustavsson,Nguyen Thi Thu Hien,,,Lisa Schiegg,Tosca Pecorino,,
Bracket Stage new,Women's Contender,Bracket A,P17: Quarter-final,Single game,Totally spikes,Mashup,Totally spikes,21,14,,,,,Rikke Fredberg J√∏rgensen,Mie Korsholt,,,Theresa Schaufler,Becca Huang,,
Bracket Stage new,Women's Contender,Bracket A,P17: Quarter-final,Single game,bei Teamnamen-kreativit√§t bin ich raus,The strangers,bei Teamnamen-kreativit√§t bin ich raus,21,13,,,,,Sara Pungor,Maja F√ºrste,,,Bec Dumesny,Anicea Saliba,,
Bracket Stage new,Women's Contender,Bracket A,P17: Quarter-final,Single game,NOidea,To be determined,NOidea,21,15,,,,,Rozi Ouali,Marianne Ferragina,,,Marine Hauch√®re,Julie Dussart,,
Bracket Stage new,Women's Contender,Bracket A,P17: Quarter-final,Single game,Last Minute,WS KƒÖski,WS KƒÖski,17,21,,,,,Lina Adel,Ana Vera Antunes Egidio,,,Pola Wolff,Julia Stawarek,,
Bracket Stage new,Women's Contender,Bracket A,Semi-final,Best of 3,Ramoneuses de m√©nisques,EZ socks-touch,EZ socks-touch,15,21,17,21,,,Anna Kervo√´l,Aurore Gosselin,,,Valentine Pottez,Sarah Martinez,,
Bracket Stage new,Women's Contender,Bracket A,Semi-final,Best of 3,Crunchtime,Mega!,Mega!,17,21,24,25,,,Larissa Haas,Lena Kurz,,,Miriam Gedack,Marie Dominique Schmidt,,
Bracket Stage new,Women's Contender,Bracket A,P5: Semi-final,Single game,Freckle Forceüî•,Yasi & Laura,Freckle Forceüî•,21,15,,,,,Roos van der Wielen,Mady Smit,,,Yasmin Graeter,Laura Lucchiari,,
Bracket Stage new,Women's Contender,Bracket A,P5: Semi-final,Single game,Pros&Cons,Power Pals,Pros&Cons,21,14,,,,,Charlotte Stierstorfer,Raphaela Pfund,,,Hella Senger,Alicia Wenten,,
Bracket Stage new,Women's Contender,Bracket A,P9: Semi-final,Single game,BaySeps Boomers,Scream and shout,Scream and shout,17,21,,,,,Nadia Enevoldsen,Liv Sepstrup,,,Malika Billen,Lea Kiesel,,
Bracket Stage new,Women's Contender,Bracket A,P13: Semi-final,Single game,Swedish instant noodles,Francobegl,Swedish instant noodles,21,18,,,,,Ellinor Gustavsson,Nguyen Thi Thu Hien,,,Lauriane Zwolinski,Marie Jubault,,
Bracket Stage new,Women's Contender,Bracket A,P13: Semi-final,Single game,Una & Teri,Spikehagen Energy,Spikehagen Energy,13,21,,,,,Tereza Caltov√°,Una Ognjenovic,,,Minna Chang Hansen,Nicoleta Toporas,,
Bracket Stage new,Women's Contender,Bracket A,P17: Semi-final,Single game,Totally spikes,WS KƒÖski,WS KƒÖski,18,21,,,,,Rikke Fredberg J√∏rgensen,Mie Korsholt,,,Pola Wolff,Julia Stawarek,,
Bracket Stage new,Women's Contender,Bracket A,P17: Semi-final,Single game,bei Teamnamen-kreativit√§t bin ich raus,NOidea,NOidea,10,21,,,,,Sara Pungor,Maja F√ºrste,,,Rozi Ouali,Marianne Ferragina,,
Bracket Stage new,Women's Contender,Bracket A,P21: Semi-final,Single game,Last Minute,Mashup,Mashup,7,21,,,,,Lina Adel,Ana Vera Antunes Egidio,,,Theresa Schaufler,Becca Huang,,
Bracket Stage new,Women's Contender,Bracket A,P21: Semi-final,Single game,To be determined,The strangers,The strangers,14,21,,,,,Marine Hauch√®re,Julie Dussart,,,Bec Dumesny,Anicea Saliba,,
Bracket Stage new,Women's Contender,Bracket A,Final,Best of 3,EZ socks-touch,Mega!,EZ socks-touch,21,15,21,16,,,Valentine Pottez,Sarah Martinez,,,Miriam Gedack,Marie Dominique Schmidt,,
Bracket Stage new,Women's Contender,Bracket A,P3: Final,Single game,Crunchtime,Ramoneuses de m√©nisques,Crunchtime,15,8,,,,,Larissa Haas,Lena Kurz,,,Anna Kervo√´l,Aurore Gosselin,,
Bracket Stage new,Women's Contender,Bracket A,P5: Final,Single game,Freckle Forceüî•,Pros&Cons,Pros&Cons,16,21,,,,,Roos van der Wielen,Mady Smit,,,Charlotte Stierstorfer,Raphaela Pfund,,
Bracket Stage new,Women's Contender,Bracket A,P13: Final,Single game,Swedish instant noodles,Spikehagen Energy,Spikehagen Energy,0,1,,,,,Ellinor Gustavsson,Nguyen Thi Thu Hien,,,Minna Chang Hansen,Nicoleta Toporas,,
Bracket Stage new,Women's Contender,Bracket A,P17: Final,Single game,WS KƒÖski,NOidea,WS KƒÖski,21,16,,,,,Pola Wolff,Julia Stawarek,,,Rozi Ouali,Marianne Ferragina,,
Bracket Stage new,Women's Contender,Bracket A,P21: Final,Single game,Mashup,The strangers,The strangers,18,21,,,,,Theresa Schaufler,Becca Huang,,,Bec Dumesny,Anicea Saliba,,
Bracket Stage new,Women's Contender,Bracket A,P23: Final,Single game,To be determined,Last Minute,To be determined,21,15,,,,,Marine Hauch√®re,Julie Dussart,,,Lina Adel,Ana Vera Antunes Egidio,,
